idp,age_group,nation,r1,ski,r2,push,r3,pull,r4,burpee,r5,row,r6,farmers,r7,lunges,r8,wall,roxzone,total,station_tot,run_tot,band
LR3MS4JI48556A,30-34,CHN,225.0,247.0,196.0,112.0,205.0,180.0,205.0,168.0,208.0,251.0,201.0,82.0,212.0,206.0,228.0,252.0,346.0,3515.0,1498.0,1680.0,<70
LR3MS4JI48499F,16-24,KOR,229.0,248.0,201.0,148.0,206.0,195.0,205.0,152.0,212.0,261.0,198.0,110.0,202.0,166.0,223.0,225.0,364.0,3535.0,1505.0,1676.0,<70
LR3MS4JI485343,30-34,CHN,219.0,248.0,191.0,144.0,199.0,224.0,195.0,183.0,199.0,262.0,200.0,92.0,204.0,212.0,214.0,261.0,334.0,3572.0,1626.0,1621.0,<70
LR3MS4JI48557B,35-39,CHN,236.0,251.0,207.0,140.0,216.0,173.0,221.0,155.0,212.0,264.0,218.0,98.0,229.0,168.0,240.0,249.0,375.0,3643.0,1498.0,1779.0,<70
LR3MS4JI484996,40-44,KOR,231.0,256.0,203.0,140.0,214.0,176.0,213.0,156.0,223.0,272.0,218.0,103.0,220.0,208.0,240.0,240.0,366.0,3670.0,1551.0,1762.0,<70
LR3MS4JI485E3B,30-34,RUS,247.0,251.0,222.0,115.0,234.0,181.0,221.0,246.0,222.0,269.0,224.0,85.0,219.0,223.0,250.0,206.0,388.0,3793.0,1576.0,1839.0,<70
LR3MS4JI485979,30-34,CHN,237.0,243.0,204.0,131.0,230.0,218.0,238.0,224.0,234.0,254.0,222.0,106.0,219.0,229.0,245.0,251.0,379.0,3856.0,1656.0,1829.0,<70
LR3MS4JI485BEA,35-39,USA,229.0,271.0,199.0,134.0,206.0,234.0,205.0,248.0,210.0,269.0,209.0,105.0,207.0,232.0,227.0,303.0,385.0,3867.0,1796.0,1692.0,<70
LR3MS4JI4849E5,45-49,RUS,224.0,254.0,199.0,156.0,210.0,223.0,211.0,259.0,213.0,270.0,211.0,89.0,211.0,232.0,244.0,280.0,415.0,3893.0,1763.0,1723.0,<70
LR3MS4JI4857AE,30-34,CHN,236.0,237.0,217.0,137.0,228.0,156.0,234.0,207.0,236.0,258.0,229.0,99.0,231.0,210.0,264.0,286.0,465.0,3921.0,1590.0,1875.0,<70
LR3MS4JI485976,25-29,CHN,234.0,248.0,215.0,159.0,224.0,203.0,221.0,219.0,225.0,269.0,225.0,103.0,216.0,266.0,249.0,278.0,426.0,3973.0,1745.0,1809.0,<70
LR3MS4JI4849E7,30-34,GBR,239.0,246.0,208.0,157.0,222.0,175.0,225.0,266.0,236.0,269.0,230.0,106.0,241.0,266.0,256.0,241.0,408.0,3983.0,1726.0,1857.0,<70
LR3MS4JI485BC7,40-44,CHN,246.0,274.0,220.0,171.0,229.0,253.0,226.0,178.0,223.0,266.0,234.0,122.0,223.0,242.0,252.0,233.0,432.0,4016.0,1739.0,1853.0,<70
LR3MS4JI48573E,30-34,CHN,245.0,240.0,229.0,170.0,244.0,227.0,237.0,237.0,238.0,261.0,241.0,110.0,240.0,198.0,260.0,268.0,397.0,4034.0,1711.0,1934.0,<70
LR3MS4JI485123,25-29,HKG,269.0,262.0,226.0,161.0,234.0,214.0,228.0,168.0,243.0,267.0,238.0,125.0,236.0,222.0,267.0,329.0,423.0,4104.0,1748.0,1941.0,<70
LR3MS4JI48577E,30-34,CHN,249.0,248.0,223.0,155.0,233.0,211.0,233.0,207.0,241.0,261.0,248.0,124.0,246.0,214.0,263.0,376.0,394.0,4121.0,1796.0,1936.0,<70
LR3MS4JI485982,45-49,CHN,254.0,246.0,234.0,136.0,247.0,223.0,245.0,211.0,250.0,267.0,247.0,114.0,253.0,209.0,281.0,303.0,438.0,4151.0,1709.0,2011.0,<70
LR3MS4JI48533B,30-34,CHN,262.0,258.0,220.0,156.0,237.0,250.0,223.0,157.0,233.0,277.0,251.0,135.0,228.0,227.0,303.0,253.0,494.0,4156.0,1713.0,1957.0,<70
LR3MS4JI48531A,30-34,CHN,250.0,256.0,223.0,179.0,245.0,236.0,232.0,217.0,253.0,279.0,244.0,144.0,238.0,231.0,260.0,297.0,428.0,4205.0,1839.0,1945.0,70-80
LR3MS4JI4859A1,16-24,CHN,271.0,253.0,227.0,155.0,233.0,213.0,226.0,225.0,236.0,284.0,241.0,117.0,230.0,294.0,246.0,336.0,434.0,4214.0,1877.0,1910.0,70-80
LR3MS4JI4849E0,35-39,GBR,266.0,262.0,243.0,147.0,249.0,215.0,251.0,174.0,261.0,281.0,264.0,111.0,262.0,219.0,280.0,303.0,461.0,4240.0,1712.0,2076.0,70-80
LR3MS4JI485756,35-39,CHN,264.0,249.0,230.0,168.0,239.0,260.0,241.0,200.0,243.0,278.0,241.0,106.0,238.0,256.0,288.0,296.0,460.0,4251.0,1813.0,1984.0,70-80
LR3MS4JI48576A,35-39,CHN,243.0,266.0,219.0,166.0,243.0,243.0,232.0,278.0,234.0,290.0,224.0,166.0,219.0,245.0,246.0,345.0,425.0,4274.0,1999.0,1860.0,70-80
LR3MS4JI485329,25-29,CHN,242.0,260.0,215.0,174.0,255.0,209.0,237.0,223.0,253.0,271.0,256.0,164.0,247.0,258.0,286.0,283.0,462.0,4285.0,1842.0,1991.0,70-80
LR3MS4JI484926,16-24,HKG,272.0,249.0,231.0,171.0,241.0,242.0,240.0,298.0,245.0,263.0,242.0,112.0,237.0,242.0,266.0,335.0,414.0,4292.0,1912.0,1974.0,70-80
LR3MS4JI485E2A,35-39,CHN,253.0,258.0,237.0,179.0,249.0,284.0,254.0,248.0,249.0,266.0,249.0,120.0,240.0,233.0,266.0,272.0,454.0,4304.0,1860.0,1997.0,70-80
LR3MS4JI485C16,35-39,SUI,264.0,261.0,244.0,131.0,257.0,207.0,261.0,278.0,258.0,272.0,267.0,100.0,273.0,242.0,312.0,229.0,467.0,4314.0,1720.0,2136.0,70-80
LR3MS4JI4849F1,35-39,KOR,256.0,250.0,243.0,181.0,265.0,214.0,266.0,187.0,271.0,275.0,270.0,126.0,268.0,252.0,298.0,261.0,452.0,4327.0,1746.0,2137.0,70-80
LR3MS4JI485170,35-39,HKG,255.0,286.0,229.0,186.0,251.0,283.0,249.0,202.0,246.0,282.0,245.0,142.0,255.0,241.0,273.0,312.0,427.0,4356.0,1934.0,2003.0,70-80
LR3MS4JI485502,30-34,CHN,267.0,265.0,221.0,158.0,246.0,259.0,231.0,213.0,248.0,274.0,254.0,120.0,248.0,236.0,300.0,317.0,511.0,4361.0,1842.0,2015.0,70-80
LR3MS4JI4854FF,16-24,CHN,255.0,256.0,226.0,154.0,250.0,257.0,241.0,263.0,246.0,266.0,242.0,119.0,242.0,267.0,268.0,370.0,470.0,4385.0,1952.0,1970.0,70-80
LR3MS4JI4859AE,30-34,CHN,280.0,254.0,247.0,134.0,270.0,217.0,265.0,321.0,268.0,271.0,261.0,105.0,264.0,225.0,284.0,262.0,486.0,4407.0,1789.0,2139.0,70-80
LR3MS4JI4859AA,30-34,CHN,279.0,262.0,237.0,171.0,248.0,288.0,244.0,221.0,265.0,273.0,254.0,111.0,254.0,235.0,281.0,280.0,526.0,4421.0,1841.0,2062.0,70-80
LR3MS4JI48531B,40-44,CHN,361.0,261.0,236.0,139.0,254.0,265.0,249.0,268.0,256.0,268.0,248.0,110.0,252.0,263.0,266.0,341.0,400.0,4429.0,1915.0,2122.0,70-80
LR3MS4JI485747,40-44,CHN,262.0,252.0,237.0,163.0,251.0,227.0,246.0,263.0,265.0,271.0,267.0,113.0,260.0,264.0,288.0,303.0,509.0,4433.0,1856.0,2076.0,70-80
LR3MS4JI485DB2,25-29,CHN,366.0,270.0,232.0,142.0,248.0,263.0,251.0,222.0,258.0,276.0,257.0,102.0,264.0,240.0,280.0,302.0,473.0,4439.0,1817.0,2156.0,70-80
LR3MS4JI484924,30-34,GBR,269.0,252.0,243.0,173.0,253.0,256.0,263.0,229.0,272.0,276.0,264.0,135.0,260.0,285.0,291.0,305.0,448.0,4468.0,1911.0,2115.0,70-80
LR3MS4JI485BA3,25-29,CHN,280.0,257.0,240.0,178.0,254.0,237.0,251.0,229.0,263.0,274.0,260.0,149.0,263.0,262.0,327.0,288.0,466.0,4472.0,1874.0,2138.0,70-80
LR3MS4JI48598A,35-39,CHN,305.0,276.0,257.0,134.0,268.0,308.0,262.0,239.0,256.0,288.0,258.0,124.0,259.0,253.0,264.0,267.0,467.0,4475.0,1889.0,2129.0,70-80
LR3MS4JI484969,35-39,MGL,259.0,242.0,234.0,146.0,251.0,511.0,246.0,269.0,257.0,263.0,258.0,106.0,244.0,254.0,274.0,242.0,445.0,4493.0,2033.0,2023.0,70-80
LR3MS4JI48554A,35-39,CHN,294.0,270.0,255.0,182.0,270.0,227.0,271.0,216.0,289.0,294.0,263.0,108.0,271.0,212.0,308.0,268.0,511.0,4501.0,1777.0,2221.0,70-80
LR3MS4JI484A0C,40-44,FRA,249.0,265.0,219.0,172.0,222.0,241.0,232.0,321.0,257.0,295.0,234.0,120.0,238.0,333.0,267.0,444.0,412.0,4513.0,2191.0,1918.0,70-80
LR3MS4JI48554B,25-29,CHN,404.0,294.0,245.0,161.0,249.0,281.0,241.0,180.0,278.0,271.0,263.0,118.0,259.0,227.0,302.0,299.0,452.0,4517.0,1831.0,2241.0,70-80
LR3MS4JI486003,40-44,CHN,266.0,275.0,241.0,162.0,261.0,266.0,244.0,227.0,270.0,278.0,252.0,127.0,254.0,205.0,305.0,408.0,492.0,4526.0,1948.0,2093.0,70-80
LR3MS4JI48550C,25-29,CHN,279.0,266.0,261.0,209.0,282.0,227.0,296.0,199.0,277.0,271.0,276.0,116.0,276.0,237.0,306.0,273.0,489.0,4533.0,1798.0,2253.0,70-80
LR3MS4JI486012,16-24,CHN,254.0,270.0,251.0,197.0,277.0,253.0,266.0,235.0,263.0,284.0,273.0,164.0,262.0,228.0,292.0,281.0,494.0,4537.0,1912.0,2138.0,70-80
LR3MS4JI485736,30-34,CHN,281.0,254.0,248.0,173.0,255.0,195.0,257.0,291.0,281.0,267.0,289.0,128.0,275.0,291.0,323.0,229.0,515.0,4544.0,1828.0,2209.0,70-80
LR3MS4JI485C04,35-39,CHN,261.0,266.0,230.0,182.0,252.0,262.0,240.0,298.0,251.0,274.0,245.0,97.0,246.0,272.0,298.0,382.0,508.0,4556.0,2033.0,2023.0,70-80
LR3MS4JI484A36,16-24,CAN,239.0,266.0,219.0,138.0,262.0,259.0,255.0,267.0,301.0,278.0,274.0,117.0,241.0,323.0,267.0,358.0,510.0,4565.0,2006.0,2058.0,70-80
LR3MS4JI484A5A,30-34,KOR,266.0,258.0,227.0,147.0,260.0,283.0,253.0,229.0,266.0,337.0,251.0,137.0,251.0,319.0,305.0,301.0,485.0,4569.0,2011.0,2079.0,70-80
LR3MS4JI485560,40-44,CHN,279.0,262.0,239.0,120.0,267.0,252.0,269.0,299.0,279.0,261.0,285.0,116.0,283.0,322.0,298.0,304.0,459.0,4585.0,1936.0,2199.0,70-80
LR3MS4JI485541,30-34,CHN,273.0,265.0,237.0,182.0,253.0,294.0,253.0,346.0,251.0,276.0,237.0,123.0,257.0,226.0,273.0,291.0,563.0,4593.0,2003.0,2034.0,70-80
LR3MS4JI4852FB,40-44,CHN,247.0,270.0,234.0,134.0,262.0,248.0,248.0,317.0,256.0,297.0,241.0,122.0,247.0,390.0,269.0,375.0,449.0,4599.0,2153.0,2004.0,70-80
LR3MS4JI484A3C,25-29,KOR,280.0,266.0,236.0,186.0,248.0,287.0,260.0,303.0,262.0,276.0,269.0,142.0,259.0,257.0,281.0,324.0,472.0,4600.0,2041.0,2095.0,70-80
LR3MS4JI485E1F,25-29,CHN,260.0,271.0,242.0,158.0,261.0,292.0,252.0,275.0,271.0,273.0,267.0,125.0,272.0,268.0,302.0,366.0,473.0,4621.0,2028.0,2127.0,70-80
LR3MS4JI485332,35-39,CHN,273.0,258.0,224.0,166.0,233.0,300.0,231.0,251.0,244.0,285.0,244.0,150.0,239.0,275.0,288.0,491.0,489.0,4634.0,2176.0,1976.0,70-80
LR3MS4JI485172,25-29,CHN,258.0,277.0,240.0,224.0,256.0,284.0,262.0,262.0,258.0,310.0,252.0,126.0,253.0,267.0,275.0,356.0,495.0,4648.0,2106.0,2054.0,70-80
LR3MS4JI485E0F,35-39,CHN,262.0,255.0,313.0,126.0,273.0,271.0,258.0,274.0,277.0,265.0,272.0,109.0,261.0,370.0,325.0,327.0,419.0,4651.0,1997.0,2241.0,70-80
LR3MS4JI485FD2,35-39,CHN,313.0,269.0,264.0,149.0,292.0,215.0,296.0,248.0,302.0,277.0,283.0,102.0,281.0,271.0,315.0,277.0,516.0,4663.0,1808.0,2346.0,70-80
LR3MS4JI485101,30-34,CHN,279.0,257.0,261.0,122.0,290.0,272.0,271.0,213.0,280.0,265.0,286.0,121.0,292.0,328.0,323.0,298.0,523.0,4672.0,1876.0,2282.0,70-80
LR3MS4JI486000,40-44,RSA,287.0,261.0,243.0,201.0,247.0,268.0,249.0,322.0,256.0,283.0,257.0,111.0,250.0,331.0,291.0,306.0,525.0,4680.0,2083.0,2080.0,70-80
LR3MS4JI48576E,40-44,CHN,249.0,284.0,215.0,158.0,241.0,315.0,236.0,285.0,264.0,289.0,248.0,150.0,259.0,351.0,270.0,401.0,492.0,4697.0,2233.0,1982.0,70-80
LR3MS4JI485995,30-34,CHN,292.0,266.0,268.0,153.0,264.0,248.0,269.0,244.0,271.0,288.0,309.0,163.0,278.0,281.0,286.0,293.0,543.0,4706.0,1936.0,2237.0,70-80
LR3MS4JI485772,40-44,CHN,250.0,281.0,229.0,187.0,250.0,290.0,239.0,250.0,243.0,279.0,243.0,136.0,251.0,323.0,317.0,442.0,514.0,4717.0,2188.0,2022.0,70-80
LR3MS4JI48556F,25-29,CHN,293.0,250.0,258.0,142.0,269.0,222.0,266.0,225.0,293.0,271.0,337.0,127.0,328.0,270.0,425.0,261.0,503.0,4733.0,1768.0,2469.0,70-80
LR3MS4JI4859C8,30-34,CHN,258.0,299.0,235.0,159.0,264.0,328.0,262.0,282.0,282.0,288.0,253.0,143.0,257.0,235.0,337.0,334.0,536.0,4744.0,2068.0,2148.0,70-80
LR3MS4JI485552,30-34,CHN,264.0,284.0,257.0,182.0,250.0,290.0,261.0,217.0,269.0,280.0,268.0,150.0,275.0,288.0,299.0,318.0,607.0,4751.0,2009.0,2143.0,70-80
LR3MS4JI485120,50-54,CHN,258.0,270.0,233.0,154.0,254.0,317.0,252.0,324.0,274.0,283.0,271.0,133.0,255.0,281.0,301.0,455.0,455.0,4763.0,2217.0,2098.0,70-80
LR3MS4JI485766,35-39,CHN,265.0,267.0,234.0,173.0,255.0,275.0,249.0,241.0,256.0,290.0,273.0,140.0,265.0,321.0,302.0,401.0,569.0,4767.0,2108.0,2099.0,70-80
LR3MS4JI4854FE,35-39,CHN,287.0,282.0,242.0,201.0,246.0,266.0,256.0,240.0,251.0,289.0,251.0,201.0,250.0,298.0,274.0,462.0,481.0,4771.0,2239.0,2057.0,70-80
LR3MS4JI484A20,25-29,KOR,285.0,268.0,244.0,189.0,249.0,244.0,261.0,282.0,272.0,279.0,261.0,193.0,263.0,374.0,291.0,331.0,496.0,4771.0,2160.0,2126.0,70-80
LR3MS4JI485592,25-29,CHN,285.0,263.0,276.0,150.0,287.0,228.0,281.0,253.0,289.0,266.0,283.0,138.0,288.0,291.0,312.0,372.0,520.0,4774.0,1961.0,2301.0,70-80
LR3MS4JI485501,35-39,CHN,273.0,263.0,264.0,186.0,274.0,291.0,264.0,265.0,259.0,284.0,266.0,104.0,257.0,284.0,299.0,276.0,681.0,4783.0,1953.0,2156.0,70-80
LR3MS4JI485375,35-39,CHN,268.0,275.0,228.0,151.0,246.0,320.0,243.0,290.0,266.0,283.0,250.0,169.0,243.0,285.0,295.0,448.0,531.0,4785.0,2221.0,2039.0,70-80
LR3MS4JI485165,25-29,CHN,281.0,264.0,255.0,192.0,255.0,244.0,273.0,285.0,282.0,272.0,279.0,125.0,286.0,257.0,369.0,242.0,640.0,4791.0,1881.0,2280.0,70-80
LR3MS4JI485B99,35-39,CHN,258.0,297.0,228.0,167.0,239.0,372.0,242.0,345.0,253.0,299.0,235.0,144.0,226.0,290.0,258.0,460.0,493.0,4798.0,2374.0,1939.0,70-80
LR3MS4JI485BD3,25-29,CHN,293.0,254.0,257.0,143.0,269.0,250.0,272.0,332.0,277.0,265.0,260.0,100.0,277.0,299.0,308.0,397.0,562.0,4806.0,2040.0,2213.0,80-90
LR3MS4JI48597E,30-34,CHN,287.0,268.0,258.0,187.0,274.0,384.0,262.0,266.0,273.0,277.0,270.0,119.0,268.0,273.0,302.0,356.0,496.0,4812.0,2130.0,2194.0,80-90
LR3MS4JI4859D8,30-34,UKR,305.0,256.0,268.0,159.0,280.0,282.0,274.0,322.0,291.0,283.0,285.0,103.0,271.0,342.0,295.0,340.0,481.0,4828.0,2087.0,2269.0,80-90
LR3MS4JI48603D,30-34,CHN,289.0,268.0,261.0,191.0,268.0,252.0,259.0,264.0,277.0,298.0,265.0,123.0,267.0,334.0,283.0,404.0,536.0,4831.0,2134.0,2169.0,80-90
LR3MS4JI485561,30-34,CHN,296.0,263.0,259.0,155.0,283.0,251.0,278.0,254.0,292.0,272.0,281.0,123.0,286.0,360.0,310.0,316.0,569.0,4839.0,1994.0,2285.0,80-90
LR3MS4JI4859A6,35-39,CHN,269.0,263.0,247.0,215.0,267.0,284.0,265.0,237.0,266.0,275.0,264.0,119.0,277.0,251.0,323.0,301.0,726.0,4841.0,1945.0,2178.0,80-90
LR3MS4JI485537,35-39,CHN,296.0,283.0,271.0,130.0,295.0,306.0,299.0,219.0,316.0,304.0,300.0,122.0,300.0,239.0,322.0,306.0,552.0,4850.0,1909.0,2399.0,80-90
LR3MS4JI485FD7,25-29,CHN,289.0,283.0,247.0,160.0,264.0,313.0,257.0,293.0,264.0,287.0,273.0,140.0,238.0,293.0,308.0,446.0,507.0,4855.0,2215.0,2140.0,80-90
LR3MS4JI48556E,30-34,CHN,302.0,304.0,257.0,125.0,273.0,285.0,269.0,283.0,259.0,329.0,254.0,114.0,249.0,333.0,284.0,460.0,513.0,4883.0,2233.0,2147.0,80-90
LR3MS4JI485989,50-54,CHN,261.0,291.0,231.0,174.0,238.0,305.0,252.0,334.0,250.0,298.0,250.0,130.0,265.0,313.0,285.0,468.0,548.0,4886.0,2313.0,2032.0,80-90
LR3MS4JI485B9B,35-39,CHN,292.0,292.0,260.0,157.0,268.0,296.0,275.0,393.0,270.0,296.0,278.0,124.0,272.0,291.0,315.0,325.0,496.0,4892.0,2174.0,2230.0,80-90
LR3MS4JI485507,30-34,CHN,300.0,271.0,278.0,153.0,294.0,259.0,283.0,290.0,298.0,278.0,294.0,117.0,286.0,271.0,328.0,283.0,624.0,4899.0,1922.0,2361.0,80-90
LR3MS4JI4859F4,25-29,CHN,287.0,302.0,258.0,159.0,272.0,262.0,281.0,340.0,298.0,304.0,279.0,127.0,270.0,288.0,306.0,372.0,512.0,4907.0,2154.0,2251.0,80-90
LR3MS4JI485128,40-44,CHN,268.0,296.0,234.0,179.0,248.0,269.0,251.0,273.0,252.0,300.0,242.0,135.0,247.0,346.0,290.0,610.0,479.0,4911.0,2408.0,2032.0,80-90
LR3MS4JI48513D,30-34,CHN,263.0,304.0,226.0,164.0,252.0,351.0,248.0,312.0,266.0,322.0,252.0,125.0,263.0,305.0,299.0,362.0,611.0,4918.0,2245.0,2069.0,80-90
LR3MS4JI485DBD,25-29,CHN,271.0,282.0,252.0,125.0,274.0,206.0,282.0,422.0,301.0,301.0,300.0,121.0,289.0,338.0,344.0,299.0,525.0,4923.0,2094.0,2313.0,80-90
LR3MS4JI48559E,16-24,CHN,284.0,276.0,238.0,183.0,246.0,273.0,256.0,276.0,239.0,278.0,246.0,151.0,229.0,380.0,322.0,459.0,610.0,4938.0,2276.0,2060.0,80-90
LR3MS4JI48510F,30-34,CHN,314.0,289.0,274.0,154.0,280.0,253.0,273.0,301.0,272.0,283.0,271.0,310.0,268.0,276.0,324.0,331.0,476.0,4940.0,2197.0,2276.0,80-90
LR3MS4JI48574D,45-49,CHN,284.0,307.0,240.0,161.0,265.0,341.0,259.0,260.0,268.0,294.0,260.0,133.0,262.0,292.0,289.0,420.0,616.0,4943.0,2208.0,2127.0,80-90
LR3MS4JI48551D,35-39,CHN,270.0,267.0,254.0,150.0,288.0,270.0,276.0,321.0,290.0,281.0,295.0,120.0,293.0,285.0,314.0,430.0,554.0,4950.0,2124.0,2280.0,80-90
LR3MS4JI485336,25-29,CHN,407.0,282.0,256.0,173.0,266.0,304.0,252.0,252.0,300.0,283.0,289.0,107.0,294.0,296.0,321.0,310.0,575.0,4959.0,2007.0,2385.0,80-90
LR3MS4JI485DC5,25-29,CHN,284.0,264.0,263.0,168.0,277.0,302.0,269.0,341.0,294.0,274.0,281.0,172.0,268.0,296.0,333.0,316.0,567.0,4959.0,2133.0,2269.0,80-90
LR3MS4JI485975,30-34,CHN,303.0,250.0,291.0,157.0,295.0,261.0,312.0,211.0,317.0,286.0,310.0,130.0,301.0,286.0,375.0,268.0,617.0,4962.0,1849.0,2504.0,80-90
LR3MS4JI485FDE,30-34,CHN,290.0,266.0,268.0,165.0,302.0,257.0,300.0,244.0,316.0,285.0,303.0,113.0,314.0,282.0,359.0,309.0,610.0,4974.0,1921.0,2452.0,80-90
LR3MS4JI48555A,35-39,CHN,272.0,265.0,276.0,183.0,288.0,261.0,271.0,393.0,297.0,291.0,288.0,115.0,270.0,294.0,291.0,355.0,579.0,4981.0,2157.0,2253.0,80-90
LR3MS4JI485768,35-39,CHN,303.0,275.0,280.0,170.0,288.0,277.0,284.0,365.0,295.0,281.0,286.0,114.0,284.0,313.0,323.0,347.0,510.0,4988.0,2142.0,2343.0,80-90
LR3MS4JI48599F,25-29,CHN,252.0,254.0,258.0,182.0,279.0,272.0,261.0,338.0,291.0,313.0,266.0,111.0,271.0,320.0,311.0,437.0,590.0,5000.0,2227.0,2189.0,80-90
LR3MS4JI485BB0,25-29,CHN,346.0,282.0,292.0,147.0,310.0,253.0,318.0,198.0,347.0,293.0,311.0,108.0,293.0,248.0,356.0,336.0,572.0,5003.0,1865.0,2573.0,80-90
LR3MS4JI485367,30-34,FRA,280.0,268.0,250.0,209.0,259.0,353.0,257.0,295.0,263.0,307.0,264.0,195.0,255.0,355.0,291.0,410.0,504.0,5006.0,2392.0,2119.0,80-90
LR3MS4JI484A2B,30-34,GER,295.0,268.0,267.0,217.0,272.0,250.0,284.0,283.0,271.0,287.0,308.0,114.0,272.0,403.0,335.0,363.0,527.0,5007.0,2185.0,2304.0,80-90
LR3MS4JI48599B,40-44,CHN,323.0,269.0,270.0,187.0,270.0,241.0,274.0,215.0,273.0,283.0,283.0,208.0,298.0,261.0,358.0,364.0,644.0,5013.0,2028.0,2349.0,80-90
LR3MS4JI4854FD,30-34,CHN,348.0,275.0,301.0,181.0,300.0,241.0,293.0,214.0,283.0,272.0,292.0,117.0,299.0,299.0,341.0,380.0,591.0,5020.0,1979.0,2457.0,80-90
LR3MS4JI48600C,40-44,KOR,276.0,262.0,265.0,196.0,287.0,249.0,288.0,306.0,306.0,292.0,304.0,123.0,294.0,341.0,325.0,367.0,552.0,5025.0,2136.0,2345.0,80-90
LR3MS4JI486020,30-34,CHN,302.0,270.0,254.0,236.0,270.0,294.0,263.0,322.0,271.0,290.0,281.0,144.0,285.0,303.0,313.0,421.0,519.0,5029.0,2280.0,2239.0,80-90
LR3MS4JI485143,30-34,CHN,250.0,295.0,253.0,253.0,244.0,372.0,252.0,269.0,281.0,298.0,251.0,188.0,236.0,272.0,273.0,471.0,585.0,5035.0,2418.0,2040.0,80-90
LR3MS4JI485C05,35-39,CHN,326.0,274.0,255.0,130.0,288.0,239.0,295.0,284.0,325.0,289.0,306.0,102.0,273.0,240.0,316.0,323.0,787.0,5043.0,1881.0,2384.0,80-90
LR3MS4JI485750,30-34,CHN,297.0,279.0,265.0,216.0,263.0,273.0,260.0,277.0,283.0,313.0,323.0,161.0,312.0,278.0,385.0,255.0,623.0,5056.0,2052.0,2388.0,80-90
LR3MS4JI4849F7,30-34,GER,302.0,276.0,257.0,178.0,276.0,245.0,273.0,307.0,303.0,301.0,279.0,138.0,272.0,316.0,340.0,411.0,598.0,5064.0,2172.0,2302.0,80-90
LR3MS4JI485BD0,30-34,CHN,328.0,294.0,270.0,209.0,286.0,272.0,280.0,259.0,302.0,285.0,285.0,166.0,339.0,273.0,350.0,359.0,523.0,5072.0,2117.0,2440.0,80-90
LR3MS4JI485E2E,30-34,CHN,292.0,289.0,263.0,202.0,284.0,324.0,268.0,269.0,254.0,291.0,252.0,176.0,284.0,319.0,283.0,387.0,651.0,5081.0,2257.0,2180.0,80-90
LR3MS4JI48599D,30-34,CHN,310.0,270.0,284.0,171.0,336.0,244.0,325.0,282.0,315.0,292.0,318.0,166.0,284.0,237.0,349.0,308.0,607.0,5091.0,1970.0,2521.0,80-90
LR3MS4JI48600B,16-24,CHN,261.0,289.0,228.0,124.0,260.0,293.0,238.0,313.0,241.0,321.0,243.0,130.0,241.0,423.0,307.0,598.0,599.0,5101.0,2491.0,2019.0,80-90
LR3MS4JI4859AD,30-34,CHN,278.0,267.0,278.0,178.0,309.0,277.0,280.0,348.0,275.0,280.0,268.0,137.0,268.0,449.0,311.0,292.0,635.0,5121.0,2228.0,2267.0,80-90
LR3MS4JI485DEE,25-29,CHN,269.0,260.0,259.0,178.0,272.0,346.0,446.0,254.0,291.0,290.0,312.0,133.0,310.0,321.0,302.0,337.0,555.0,5126.0,2119.0,2461.0,80-90
LR3MS4JI485779,16-24,CHN,283.0,319.0,243.0,204.0,269.0,314.0,249.0,258.0,288.0,338.0,253.0,164.0,265.0,273.0,306.0,317.0,803.0,5138.0,2187.0,2156.0,80-90
LR3MS4JI485DCC,40-44,GBR,287.0,262.0,247.0,117.0,270.0,228.0,278.0,441.0,315.0,316.0,291.0,178.0,298.0,296.0,327.0,371.0,627.0,5140.0,2209.0,2313.0,80-90
LR3MS4JI4852EA,25-29,CHN,295.0,277.0,254.0,166.0,274.0,215.0,285.0,280.0,313.0,290.0,315.0,160.0,319.0,272.0,479.0,358.0,599.0,5145.0,2018.0,2534.0,80-90
LR3MS4JI485533,40-44,CHN,302.0,284.0,268.0,155.0,276.0,344.0,285.0,274.0,282.0,289.0,286.0,128.0,287.0,350.0,321.0,403.0,636.0,5161.0,2227.0,2307.0,80-90
LR3MS4JI485BF0,50-54,CHN,325.0,302.0,241.0,280.0,247.0,392.0,244.0,301.0,250.0,311.0,255.0,136.0,261.0,306.0,287.0,454.0,583.0,5166.0,2482.0,2110.0,80-90
LR3MS4JI485E11,30-34,CHN,296.0,261.0,271.0,174.0,289.0,262.0,282.0,368.0,310.0,300.0,298.0,160.0,283.0,314.0,368.0,424.0,515.0,5169.0,2263.0,2397.0,80-90
LR3MS4JI484A55,25-29,FRA,290.0,284.0,256.0,180.0,278.0,253.0,274.0,363.0,298.0,282.0,283.0,137.0,295.0,364.0,327.0,484.0,538.0,5177.0,2347.0,2301.0,80-90
LR3MS4JI4859BC,16-24,CHN,290.0,290.0,254.0,208.0,281.0,304.0,251.0,421.0,248.0,291.0,284.0,145.0,279.0,290.0,335.0,358.0,661.0,5183.0,2307.0,2222.0,80-90
LR3MS4JI485FEB,16-24,CHN,331.0,272.0,277.0,165.0,270.0,307.0,263.0,293.0,271.0,282.0,267.0,160.0,266.0,343.0,304.0,585.0,542.0,5190.0,2407.0,2249.0,80-90
LR3MS4JI484A07,16-24,GER,323.0,276.0,266.0,142.0,281.0,249.0,300.0,424.0,299.0,265.0,291.0,125.0,288.0,412.0,318.0,405.0,541.0,5197.0,2298.0,2366.0,80-90
LR3MS4JI485FD8,30-34,CHN,326.0,266.0,291.0,177.0,306.0,248.0,311.0,283.0,329.0,292.0,307.0,145.0,321.0,347.0,368.0,382.0,518.0,5207.0,2140.0,2559.0,80-90
LR3MS4JI485DDE,35-39,CHN,284.0,291.0,258.0,173.0,291.0,336.0,325.0,352.0,296.0,303.0,284.0,134.0,284.0,306.0,331.0,463.0,513.0,5216.0,2358.0,2353.0,80-90
LR3MS4JI48510D,45-49,CHN,295.0,267.0,262.0,157.0,539.0,260.0,290.0,228.0,301.0,281.0,290.0,221.0,297.0,261.0,346.0,411.0,522.0,5222.0,2086.0,2620.0,80-90
LR3MS4JI485590,25-29,CHN,260.0,283.0,253.0,173.0,298.0,193.0,305.0,212.0,379.0,319.0,306.0,134.0,309.0,236.0,340.0,400.0,843.0,5234.0,1950.0,2450.0,80-90
LR3MS4JI485A0C,35-39,CHN,298.0,282.0,292.0,148.0,298.0,262.0,287.0,373.0,322.0,281.0,305.0,123.0,303.0,359.0,367.0,371.0,576.0,5239.0,2199.0,2472.0,80-90
LR3MS4JI48550A,40-44,CHN,281.0,287.0,246.0,280.0,258.0,390.0,256.0,352.0,258.0,305.0,250.0,156.0,246.0,348.0,283.0,527.0,546.0,5261.0,2645.0,2078.0,80-90
LR3MS4JI486001,40-44,CHN,264.0,287.0,276.0,148.0,324.0,335.0,303.0,359.0,308.0,285.0,310.0,122.0,293.0,317.0,349.0,387.0,612.0,5271.0,2240.0,2427.0,80-90
LR3MS4JI485168,30-34,CHN,312.0,286.0,287.0,202.0,308.0,278.0,293.0,321.0,315.0,292.0,304.0,142.0,289.0,330.0,335.0,364.0,624.0,5275.0,2215.0,2443.0,80-90
LR3MS4JI4859A9,35-39,CHN,456.0,284.0,528.0,148.0,269.0,270.0,258.0,318.0,278.0,305.0,266.0,110.0,265.0,303.0,293.0,445.0,502.0,5291.0,2183.0,2613.0,80-90
LR3MS4JI48530D,45-49,CHN,338.0,275.0,312.0,187.0,313.0,289.0,315.0,331.0,311.0,279.0,326.0,136.0,316.0,291.0,374.0,288.0,628.0,5301.0,2076.0,2605.0,80-90
LR3MS4JI485161,35-39,CHN,313.0,276.0,292.0,202.0,297.0,316.0,310.0,289.0,336.0,277.0,313.0,141.0,306.0,334.0,348.0,340.0,625.0,5307.0,2175.0,2515.0,80-90
LR3MS4JI48602A,30-34,CHN,294.0,280.0,279.0,188.0,287.0,289.0,282.0,225.0,287.0,299.0,284.0,119.0,287.0,297.0,344.0,506.0,770.0,5309.0,2203.0,2344.0,80-90
LR3MS4JI48575A,25-29,CHN,276.0,287.0,250.0,192.0,529.0,308.0,251.0,308.0,274.0,291.0,262.0,229.0,271.0,298.0,346.0,441.0,504.0,5312.0,2354.0,2459.0,80-90
LR3MS4JI485C19,35-39,CHN,332.0,281.0,286.0,195.0,331.0,201.0,289.0,330.0,289.0,287.0,299.0,109.0,309.0,294.0,353.0,476.0,665.0,5317.0,2173.0,2488.0,80-90
LR3MS4JI48511D,40-44,CHN,319.0,291.0,260.0,146.0,276.0,323.0,280.0,415.0,290.0,338.0,275.0,115.0,287.0,391.0,318.0,456.0,557.0,5329.0,2475.0,2305.0,80-90
LR3MS4JI485141,35-39,CHN,273.0,295.0,259.0,209.0,296.0,294.0,303.0,268.0,318.0,291.0,292.0,151.0,292.0,413.0,398.0,427.0,566.0,5338.0,2348.0,2431.0,80-90
LR3MS4JI48555F,35-39,CHN,330.0,275.0,280.0,172.0,301.0,317.0,296.0,258.0,282.0,277.0,294.0,165.0,321.0,396.0,389.0,292.0,701.0,5339.0,2152.0,2493.0,80-90
LR3MS4JI48554D,30-34,CHN,325.0,297.0,270.0,195.0,278.0,419.0,267.0,256.0,290.0,304.0,280.0,146.0,294.0,337.0,317.0,535.0,537.0,5341.0,2489.0,2321.0,80-90
LR3MS4JI485314,25-29,CHN,310.0,272.0,289.0,194.0,333.0,408.0,321.0,201.0,314.0,287.0,310.0,171.0,318.0,309.0,376.0,300.0,637.0,5343.0,2142.0,2571.0,80-90
LR3MS4JI485BCA,30-34,CHN,319.0,290.0,281.0,201.0,307.0,321.0,307.0,359.0,314.0,292.0,286.0,116.0,295.0,311.0,321.0,451.0,587.0,5350.0,2341.0,2430.0,80-90
LR3MS4JI485755,45-49,CHN,336.0,271.0,282.0,162.0,299.0,294.0,301.0,356.0,330.0,302.0,308.0,108.0,301.0,334.0,375.0,408.0,595.0,5354.0,2235.0,2532.0,80-90
LR3MS4JI485551,30-34,CHN,319.0,261.0,293.0,193.0,307.0,248.0,313.0,318.0,324.0,290.0,322.0,125.0,315.0,317.0,371.0,348.0,700.0,5355.0,2100.0,2564.0,80-90
LR3MS4JI4852F3,35-39,CHN,254.0,273.0,235.0,220.0,294.0,352.0,292.0,305.0,300.0,307.0,278.0,195.0,303.0,362.0,398.0,350.0,658.0,5368.0,2364.0,2354.0,80-90
LR3MS4JI4849BB,35-39,KOR,311.0,278.0,273.0,227.0,286.0,348.0,277.0,292.0,274.0,308.0,277.0,135.0,288.0,409.0,328.0,526.0,544.0,5373.0,2523.0,2314.0,80-90
LR3MS4JI4859DF,25-29,CHN,315.0,292.0,292.0,151.0,324.0,355.0,297.0,359.0,311.0,274.0,300.0,155.0,298.0,336.0,308.0,406.0,611.0,5376.0,2328.0,2445.0,80-90
LR3MS4JI484A35,40-44,THA,329.0,295.0,290.0,230.0,298.0,290.0,303.0,249.0,318.0,315.0,299.0,128.0,318.0,316.0,367.0,427.0,614.0,5378.0,2250.0,2522.0,80-90
LR3MS4JI485762,16-24,CHN,263.0,287.0,260.0,231.0,277.0,344.0,266.0,294.0,281.0,292.0,271.0,194.0,262.0,359.0,308.0,586.0,615.0,5383.0,2587.0,2188.0,80-90
LR3MS4JI48516D,30-34,CHN,284.0,277.0,531.0,176.0,437.0,248.0,266.0,268.0,295.0,287.0,272.0,150.0,279.0,246.0,320.0,428.0,632.0,5388.0,2080.0,2684.0,80-90
LR3MS4JI484915,30-34,TPE,322.0,277.0,292.0,192.0,305.0,260.0,298.0,350.0,319.0,287.0,318.0,144.0,328.0,365.0,389.0,349.0,607.0,5392.0,2224.0,2571.0,80-90
LR3MS4JI48550D,40-44,CHN,270.0,306.0,228.0,250.0,234.0,317.0,250.0,440.0,253.0,324.0,257.0,232.0,254.0,424.0,298.0,468.0,597.0,5394.0,2761.0,2044.0,80-90
LR3MS4JI48552D,30-34,CHN,282.0,274.0,272.0,170.0,287.0,286.0,287.0,252.0,304.0,300.0,299.0,156.0,302.0,315.0,354.0,421.0,842.0,5395.0,2174.0,2387.0,80-90
LR3MS4JI486027,30-34,CHN,338.0,273.0,282.0,183.0,293.0,276.0,307.0,348.0,320.0,280.0,298.0,139.0,327.0,323.0,378.0,452.0,591.0,5399.0,2274.0,2543.0,80-90
LR3MS4JI485A01,30-34,CHN,312.0,287.0,276.0,222.0,290.0,348.0,290.0,338.0,300.0,314.0,294.0,145.0,278.0,393.0,342.0,380.0,610.0,5412.0,2427.0,2382.0,90-100
LR3MS4JI4859C9,35-39,CHN,311.0,291.0,278.0,187.0,290.0,338.0,306.0,379.0,312.0,295.0,298.0,141.0,301.0,326.0,331.0,477.0,565.0,5421.0,2434.0,2427.0,90-100
LR3MS4JI485738,40-44,CHN,298.0,314.0,278.0,231.0,293.0,321.0,280.0,294.0,294.0,303.0,292.0,175.0,281.0,295.0,331.0,562.0,598.0,5432.0,2495.0,2347.0,90-100
LR3MS4JI4849D9,45-49,MAS,278.0,285.0,268.0,180.0,285.0,315.0,271.0,363.0,289.0,294.0,290.0,165.0,307.0,411.0,376.0,460.0,608.0,5436.0,2473.0,2364.0,90-100
LR3MS4JI4849F5,30-34,CHN,287.0,275.0,303.0,202.0,337.0,354.0,325.0,351.0,318.0,284.0,299.0,131.0,301.0,362.0,331.0,320.0,668.0,5440.0,2279.0,2501.0,90-100
LR3MS4JI4859DB,40-44,CHN,280.0,270.0,256.0,161.0,279.0,297.0,278.0,300.0,310.0,291.0,299.0,142.0,307.0,417.0,387.0,509.0,670.0,5445.0,2387.0,2396.0,90-100
LR3MS4JI485FDA,25-29,CHN,304.0,287.0,285.0,188.0,460.0,295.0,296.0,282.0,321.0,324.0,312.0,138.0,327.0,329.0,343.0,440.0,537.0,5461.0,2283.0,2648.0,90-100
LR3MS4JI485DEC,35-39,CHN,315.0,288.0,277.0,162.0,283.0,287.0,285.0,282.0,306.0,302.0,285.0,109.0,295.0,520.0,377.0,373.0,728.0,5465.0,2323.0,2423.0,90-100
LR3MS4JI485146,30-34,CHN,259.0,285.0,263.0,204.0,278.0,333.0,280.0,399.0,307.0,303.0,320.0,174.0,313.0,348.0,362.0,514.0,540.0,5472.0,2560.0,2382.0,90-100
LR3MS4JI485513,30-34,CHN,326.0,267.0,286.0,204.0,317.0,357.0,305.0,231.0,308.0,313.0,301.0,150.0,307.0,286.0,531.0,379.0,614.0,5475.0,2187.0,2681.0,90-100
LR3MS4JI485113,30-34,CHN,289.0,285.0,285.0,253.0,317.0,334.0,284.0,336.0,293.0,287.0,289.0,209.0,298.0,401.0,328.0,407.0,598.0,5485.0,2512.0,2383.0,90-100
LR3MS4JI48510B,45-49,CHN,345.0,311.0,287.0,167.0,310.0,312.0,309.0,327.0,336.0,334.0,314.0,116.0,326.0,294.0,371.0,418.0,620.0,5490.0,2279.0,2598.0,90-100
LR3MS4JI485586,30-34,CHN,317.0,278.0,305.0,147.0,332.0,279.0,322.0,339.0,333.0,289.0,327.0,148.0,327.0,355.0,363.0,322.0,719.0,5493.0,2157.0,2626.0,90-100
LR3MS4JI485553,45-49,CHN,261.0,263.0,243.0,227.0,265.0,291.0,273.0,380.0,292.0,294.0,279.0,249.0,273.0,545.0,361.0,444.0,581.0,5512.0,2693.0,2247.0,90-100
LR3MS4JI48515A,30-34,CHN,311.0,310.0,269.0,200.0,299.0,313.0,292.0,352.0,296.0,324.0,272.0,195.0,282.0,387.0,314.0,453.0,657.0,5519.0,2534.0,2335.0,90-100
LR3MS4JI485BF7,45-49,CHN,251.0,304.0,226.0,236.0,226.0,376.0,231.0,410.0,248.0,313.0,242.0,178.0,236.0,411.0,263.0,897.0,483.0,5523.0,3125.0,1923.0,90-100
LR3MS4JI486017,30-34,CHN,309.0,276.0,297.0,178.0,311.0,227.0,310.0,343.0,331.0,278.0,308.0,146.0,405.0,478.0,357.0,336.0,651.0,5534.0,2262.0,2628.0,90-100
LR3MS4JI486026,35-39,CHN,379.0,316.0,323.0,141.0,326.0,266.0,332.0,246.0,352.0,295.0,335.0,131.0,322.0,354.0,380.0,386.0,666.0,5541.0,2135.0,2749.0,90-100
LR3MS4JI485BFA,25-29,CHN,319.0,274.0,292.0,183.0,334.0,312.0,339.0,340.0,336.0,285.0,338.0,146.0,331.0,332.0,402.0,335.0,654.0,5543.0,2207.0,2691.0,90-100
LR3MS4JI485994,16-24,CHN,258.0,269.0,251.0,199.0,287.0,426.0,320.0,375.0,316.0,313.0,287.0,175.0,293.0,372.0,329.0,441.0,644.0,5547.0,2570.0,2341.0,90-100
LR3MS4JI4849E3,30-34,SIN,279.0,306.0,261.0,274.0,282.0,435.0,279.0,419.0,269.0,317.0,279.0,232.0,280.0,333.0,328.0,442.0,549.0,5556.0,2758.0,2257.0,90-100
LR3MS4JI485A0A,45-49,DEN,336.0,271.0,299.0,143.0,312.0,245.0,320.0,409.0,326.0,280.0,318.0,110.0,322.0,353.0,424.0,333.0,775.0,5567.0,2144.0,2657.0,90-100
LR3MS4JI485BC2,25-29,CHN,325.0,298.0,280.0,191.0,299.0,337.0,286.0,335.0,298.0,299.0,299.0,147.0,281.0,339.0,370.0,367.0,829.0,5573.0,2313.0,2438.0,90-100
LR3MS4JI4849B0,25-29,MGL,520.0,288.0,291.0,150.0,307.0,281.0,308.0,333.0,324.0,311.0,314.0,196.0,318.0,329.0,370.0,374.0,570.0,5575.0,2262.0,2752.0,90-100
LR3MS4JI4859F6,30-34,CHN,305.0,273.0,271.0,175.0,345.0,345.0,350.0,323.0,303.0,295.0,341.0,150.0,343.0,325.0,398.0,417.0,631.0,5582.0,2303.0,2656.0,90-100
LR3MS4JI485506,25-29,CHN,271.0,307.0,271.0,227.0,355.0,369.0,288.0,270.0,415.0,317.0,263.0,194.0,238.0,291.0,292.0,645.0,591.0,5595.0,2620.0,2393.0,90-100
LR3MS4JI485981,30-34,CHN,280.0,276.0,249.0,254.0,248.0,325.0,262.0,386.0,267.0,305.0,269.0,170.0,304.0,447.0,331.0,437.0,800.0,5600.0,2600.0,2210.0,90-100
LR3MS4JI485B98,45-49,CHN,330.0,325.0,277.0,182.0,290.0,296.0,313.0,313.0,309.0,313.0,306.0,185.0,305.0,338.0,354.0,402.0,776.0,5605.0,2354.0,2484.0,90-100
LR3MS4JI485BE7,25-29,CHN,317.0,275.0,298.0,228.0,324.0,280.0,312.0,329.0,328.0,313.0,306.0,156.0,307.0,306.0,342.0,504.0,697.0,5612.0,2391.0,2534.0,90-100
LR3MS4JI485BF6,35-39,CHN,284.0,272.0,267.0,145.0,285.0,287.0,295.0,246.0,342.0,302.0,369.0,161.0,378.0,355.0,435.0,555.0,651.0,5621.0,2323.0,2655.0,90-100
LR3MS4JI485534,16-24,CHN,266.0,270.0,269.0,174.0,313.0,523.0,339.0,422.0,319.0,301.0,308.0,180.0,307.0,384.0,338.0,331.0,590.0,5627.0,2585.0,2459.0,90-100
LR3MS4JI485583,25-29,CHN,287.0,284.0,281.0,195.0,314.0,328.0,305.0,323.0,334.0,301.0,319.0,159.0,332.0,328.0,381.0,422.0,751.0,5636.0,2340.0,2553.0,90-100
LR3MS4JI485377,55-59,GBR,296.0,319.0,249.0,188.0,264.0,280.0,258.0,494.0,279.0,321.0,283.0,160.0,275.0,385.0,317.0,694.0,584.0,5639.0,2841.0,2221.0,90-100
LR3MS4JI485FED,30-34,CHN,346.0,279.0,317.0,183.0,343.0,330.0,345.0,339.0,352.0,292.0,339.0,112.0,345.0,331.0,373.0,324.0,720.0,5661.0,2190.0,2760.0,90-100
LR3MS4JI485DF0,35-39,CHN,319.0,305.0,271.0,191.0,313.0,314.0,325.0,352.0,338.0,317.0,326.0,183.0,312.0,377.0,346.0,480.0,614.0,5676.0,2519.0,2550.0,90-100
LR3MS4JI4859D6,30-34,CHN,279.0,309.0,265.0,166.0,277.0,296.0,288.0,286.0,351.0,299.0,308.0,174.0,304.0,407.0,401.0,654.0,625.0,5682.0,2591.0,2473.0,90-100
LR3MS4JI4857B8,35-39,CHN,281.0,285.0,258.0,251.0,306.0,401.0,292.0,297.0,327.0,313.0,286.0,134.0,288.0,344.0,342.0,654.0,636.0,5687.0,2679.0,2380.0,90-100
LR3MS4JI4859F0,40-44,CHN,308.0,291.0,268.0,215.0,283.0,428.0,292.0,350.0,297.0,308.0,275.0,184.0,279.0,368.0,350.0,624.0,590.0,5701.0,2768.0,2352.0,90-100
LR3MS4JI485C1D,25-29,CHN,445.0,309.0,297.0,221.0,303.0,331.0,304.0,320.0,325.0,315.0,304.0,240.0,292.0,279.0,369.0,341.0,726.0,5713.0,2356.0,2639.0,90-100
LR3MS4JI485DBC,30-34,CHN,311.0,269.0,273.0,240.0,317.0,358.0,315.0,319.0,315.0,298.0,304.0,138.0,311.0,397.0,471.0,405.0,692.0,5726.0,2424.0,2617.0,90-100
LR3MS4JI486002,35-39,CHN,290.0,316.0,255.0,187.0,264.0,331.0,275.0,325.0,300.0,331.0,276.0,193.0,286.0,443.0,357.0,751.0,559.0,5732.0,2877.0,2303.0,90-100
LR3MS4JI485503,25-29,CHN,334.0,336.0,285.0,240.0,305.0,345.0,308.0,406.0,323.0,308.0,341.0,109.0,339.0,364.0,356.0,326.0,727.0,5743.0,2434.0,2591.0,90-100
LR3MS4JI485593,25-29,CHN,283.0,277.0,296.0,178.0,335.0,384.0,318.0,318.0,310.0,296.0,352.0,124.0,301.0,347.0,402.0,479.0,758.0,5751.0,2403.0,2597.0,90-100
LR3MS4JI4852F2,35-39,CHN,347.0,270.0,314.0,183.0,352.0,282.0,361.0,328.0,396.0,286.0,300.0,172.0,285.0,323.0,343.0,430.0,791.0,5756.0,2274.0,2698.0,90-100
LR3MS4JI48559D,30-34,CHN,307.0,271.0,299.0,204.0,324.0,347.0,327.0,332.0,358.0,313.0,332.0,173.0,339.0,322.0,401.0,383.0,736.0,5760.0,2345.0,2687.0,90-100
LR3MS4JI485767,40-44,CHN,338.0,287.0,316.0,163.0,330.0,300.0,329.0,350.0,342.0,282.0,341.0,137.0,342.0,357.0,376.0,496.0,682.0,5762.0,2372.0,2714.0,90-100
LR3MS4JI485798,30-34,HKG,293.0,316.0,275.0,298.0,312.0,399.0,318.0,222.0,323.0,348.0,296.0,180.0,318.0,364.0,379.0,497.0,636.0,5766.0,2624.0,2514.0,90-100
LR3MS4JI4859E5,30-34,CHN,297.0,298.0,271.0,441.0,279.0,127.0,277.0,428.0,321.0,357.0,296.0,135.0,293.0,301.0,383.0,575.0,708.0,5779.0,2662.0,2417.0,90-100
LR3MS4JI484994,40-44,MAS,365.0,284.0,307.0,189.0,318.0,359.0,324.0,414.0,322.0,305.0,335.0,127.0,334.0,347.0,384.0,428.0,651.0,5784.0,2453.0,2689.0,90-100
LR3MS4JI485C26,35-39,CHN,350.0,300.0,300.0,147.0,318.0,212.0,325.0,366.0,352.0,332.0,344.0,135.0,332.0,341.0,412.0,442.0,788.0,5787.0,2275.0,2733.0,90-100
LR3MS4JI485799,35-39,CHN,297.0,301.0,260.0,140.0,296.0,311.0,295.0,437.0,341.0,304.0,344.0,136.0,300.0,417.0,405.0,459.0,762.0,5795.0,2505.0,2538.0,90-100
LR3MS4JI485132,35-39,CHN,287.0,283.0,256.0,251.0,279.0,292.0,269.0,310.0,310.0,306.0,461.0,114.0,304.0,522.0,466.0,386.0,712.0,5800.0,2464.0,2632.0,90-100
LR3MS4JI485744,30-34,CHN,319.0,280.0,306.0,146.0,335.0,358.0,354.0,344.0,379.0,303.0,341.0,148.0,338.0,316.0,361.0,463.0,722.0,5804.0,2358.0,2733.0,90-100
LR3MS4JI484A5F,16-24,CAN,270.0,288.0,258.0,210.0,298.0,337.0,298.0,384.0,317.0,294.0,287.0,222.0,282.0,414.0,318.0,693.0,647.0,5808.0,2842.0,2328.0,90-100
LR3MS4JI48603C,35-39,CHN,326.0,289.0,297.0,218.0,301.0,340.0,301.0,367.0,299.0,289.0,306.0,185.0,311.0,444.0,367.0,504.0,680.0,5816.0,2636.0,2508.0,90-100
LR3MS4JI485BD8,40-44,CHN,271.0,274.0,271.0,165.0,301.0,337.0,307.0,364.0,313.0,289.0,335.0,127.0,319.0,457.0,403.0,623.0,677.0,5823.0,2636.0,2520.0,90-100
LR3MS4JI485DEA,40-44,CHN,317.0,294.0,280.0,225.0,308.0,359.0,306.0,354.0,322.0,307.0,346.0,138.0,344.0,382.0,391.0,417.0,748.0,5830.0,2476.0,2614.0,90-100
LR3MS4JI486028,35-39,CHN,330.0,298.0,284.0,195.0,306.0,310.0,297.0,452.0,310.0,293.0,298.0,153.0,291.0,408.0,355.0,530.0,737.0,5839.0,2639.0,2471.0,90-100
LR3MS4JI485E39,35-39,HUN,378.0,292.0,322.0,154.0,328.0,296.0,371.0,438.0,334.0,313.0,334.0,126.0,378.0,387.0,379.0,396.0,623.0,5841.0,2402.0,2824.0,90-100
LR3MS4JI485DF8,25-29,CHN,345.0,315.0,310.0,206.0,330.0,280.0,335.0,383.0,345.0,297.0,338.0,151.0,348.0,374.0,419.0,436.0,648.0,5850.0,2442.0,2770.0,90-100
LR3MS4JI48604A,35-39,CHN,321.0,313.0,274.0,166.0,298.0,289.0,299.0,235.0,304.0,321.0,315.0,159.0,301.0,359.0,465.0,688.0,758.0,5856.0,2530.0,2577.0,90-100
LR3MS4JI485DD3,35-39,CHN,333.0,263.0,280.0,191.0,336.0,308.0,365.0,410.0,328.0,286.0,324.0,161.0,326.0,402.0,388.0,424.0,746.0,5861.0,2445.0,2680.0,90-100
LR3MS4JI485157,25-29,CHN,278.0,300.0,280.0,242.0,287.0,343.0,302.0,427.0,311.0,315.0,307.0,169.0,293.0,456.0,368.0,388.0,806.0,5863.0,2640.0,2426.0,90-100
LR3MS4JI48556B,30-34,CHN,301.0,311.0,280.0,196.0,303.0,342.0,320.0,332.0,337.0,310.0,320.0,171.0,350.0,376.0,399.0,461.0,763.0,5863.0,2499.0,2610.0,90-100
LR3MS4JI485BD1,30-34,CHN,359.0,300.0,313.0,173.0,324.0,270.0,317.0,379.0,332.0,314.0,330.0,143.0,332.0,409.0,408.0,480.0,695.0,5870.0,2468.0,2715.0,90-100
LR3MS4JI48550B,30-34,CHN,309.0,322.0,272.0,188.0,296.0,472.0,296.0,493.0,297.0,334.0,284.0,149.0,302.0,460.0,326.0,510.0,573.0,5876.0,2928.0,2382.0,90-100
LR3MS4JI485112,30-34,CHN,269.0,281.0,270.0,175.0,335.0,322.0,313.0,359.0,347.0,317.0,296.0,107.0,313.0,349.0,554.0,415.0,870.0,5885.0,2325.0,2697.0,90-100
LR3MS4JI4849E8,30-34,MAS,335.0,317.0,278.0,227.0,314.0,441.0,323.0,345.0,330.0,314.0,323.0,161.0,339.0,391.0,345.0,522.0,592.0,5889.0,2718.0,2587.0,90-100
LR3MS4JI485BC8,35-39,CHN,315.0,301.0,298.0,225.0,305.0,409.0,313.0,396.0,315.0,328.0,296.0,143.0,305.0,401.0,359.0,566.0,636.0,5901.0,2769.0,2506.0,90-100
LR3MS4JI4852F6,25-29,CHN,292.0,282.0,291.0,181.0,343.0,336.0,324.0,231.0,358.0,287.0,408.0,144.0,378.0,426.0,553.0,340.0,744.0,5909.0,2227.0,2947.0,90-100
LR3MS4JI4850F1,30-34,CHN,322.0,270.0,287.0,194.0,308.0,358.0,317.0,474.0,322.0,291.0,330.0,180.0,325.0,489.0,382.0,404.0,671.0,5915.0,2660.0,2593.0,90-100
LR3MS4JI485DCD,16-24,CHN,327.0,287.0,306.0,184.0,370.0,353.0,552.0,306.0,345.0,286.0,334.0,125.0,332.0,315.0,388.0,431.0,689.0,5921.0,2287.0,2954.0,90-100
LR3MS4JI485DF1,40-44,CHN,331.0,313.0,309.0,181.0,330.0,357.0,335.0,365.0,374.0,324.0,347.0,134.0,364.0,357.0,412.0,427.0,675.0,5926.0,2458.0,2802.0,90-100
LR3MS4JI48599A,30-34,CHN,327.0,269.0,293.0,241.0,307.0,337.0,307.0,400.0,353.0,322.0,361.0,149.0,357.0,425.0,518.0,314.0,658.0,5931.0,2457.0,2823.0,90-100
LR3MS4JI485DC7,35-39,CHN,360.0,297.0,306.0,168.0,326.0,336.0,322.0,330.0,332.0,341.0,307.0,151.0,312.0,391.0,438.0,449.0,780.0,5937.0,2463.0,2703.0,90-100
LR3MS4JI485126,35-39,CHN,322.0,287.0,466.0,189.0,300.0,325.0,300.0,325.0,341.0,309.0,304.0,173.0,322.0,367.0,433.0,519.0,680.0,5953.0,2494.0,2788.0,90-100
LR3MS4JI485BA7,35-39,CHN,327.0,284.0,293.0,193.0,334.0,337.0,332.0,287.0,343.0,287.0,320.0,163.0,338.0,333.0,397.0,564.0,830.0,5954.0,2448.0,2684.0,90-100
LR3MS4JI485145,25-29,CHN,263.0,297.0,296.0,298.0,317.0,442.0,317.0,396.0,344.0,301.0,346.0,175.0,318.0,332.0,372.0,445.0,711.0,5961.0,2686.0,2573.0,90-100
LR3MS4JI485594,16-24,CHN,301.0,311.0,308.0,234.0,382.0,381.0,316.0,205.0,389.0,308.0,336.0,170.0,320.0,276.0,407.0,423.0,909.0,5968.0,2308.0,2759.0,90-100
LR3MS4JI485163,16-24,CHN,387.0,320.0,338.0,233.0,355.0,392.0,359.0,284.0,361.0,314.0,361.0,176.0,354.0,331.0,360.0,471.0,587.0,5976.0,2521.0,2875.0,90-100
LR3MS4JI485987,35-39,CHN,332.0,272.0,300.0,168.0,326.0,276.0,332.0,430.0,354.0,294.0,341.0,139.0,339.0,447.0,516.0,372.0,749.0,5980.0,2398.0,2840.0,90-100
LR3MS4JI48551A,30-34,CHN,300.0,276.0,367.0,253.0,279.0,254.0,280.0,311.0,351.0,294.0,422.0,165.0,417.0,362.0,642.0,395.0,629.0,5989.0,2310.0,3058.0,90-100
LR3MS4JI485108,40-44,CHN,361.0,297.0,331.0,182.0,358.0,294.0,361.0,314.0,407.0,321.0,350.0,131.0,360.0,349.0,447.0,425.0,722.0,6002.0,2313.0,2975.0,100-110
LR3MS4JI4849AB,30-34,FRA,356.0,276.0,338.0,177.0,378.0,283.0,352.0,445.0,379.0,312.0,328.0,106.0,329.0,354.0,406.0,496.0,697.0,6004.0,2449.0,2866.0,100-110
LR3MS4JI485FF9,25-29,CHN,356.0,297.0,313.0,234.0,333.0,405.0,322.0,372.0,317.0,298.0,318.0,147.0,338.0,357.0,382.0,433.0,799.0,6012.0,2543.0,2679.0,100-110
LR3MS4JI4859F9,40-44,CHN,282.0,338.0,242.0,183.0,265.0,389.0,268.0,319.0,278.0,345.0,276.0,140.0,265.0,566.0,328.0,963.0,576.0,6014.0,3243.0,2204.0,100-110
LR3MS4JI485327,45-49,CHN,347.0,287.0,315.0,288.0,303.0,326.0,309.0,313.0,330.0,327.0,332.0,167.0,334.0,398.0,414.0,437.0,805.0,6023.0,2543.0,2684.0,100-110
LR3MS4JI485FF0,35-39,CHN,319.0,306.0,317.0,208.0,341.0,368.0,328.0,306.0,336.0,317.0,323.0,157.0,336.0,316.0,383.0,521.0,856.0,6028.0,2499.0,2683.0,100-110
LR3MS4JI48530F,30-34,CHN,322.0,284.0,313.0,228.0,357.0,351.0,339.0,338.0,356.0,316.0,347.0,147.0,345.0,401.0,412.0,447.0,737.0,6031.0,2512.0,2791.0,100-110
LR3MS4JI485FFB,35-39,CHN,319.0,278.0,293.0,233.0,315.0,310.0,315.0,418.0,341.0,293.0,360.0,163.0,326.0,487.0,404.0,586.0,608.0,6041.0,2768.0,2673.0,100-110
LR3MS4JI485C1C,25-29,ISR,436.0,305.0,267.0,193.0,290.0,348.0,295.0,516.0,335.0,312.0,305.0,162.0,314.0,445.0,346.0,567.0,619.0,6047.0,2848.0,2588.0,100-110
LR3MS4JI486033,30-34,CHN,360.0,321.0,449.0,249.0,312.0,453.0,295.0,262.0,336.0,321.0,338.0,156.0,315.0,322.0,405.0,557.0,611.0,6053.0,2641.0,2810.0,100-110
LR3MS4JI485133,30-34,CHN,276.0,283.0,264.0,231.0,282.0,337.0,280.0,523.0,302.0,312.0,295.0,144.0,303.0,350.0,392.0,801.0,689.0,6055.0,2981.0,2394.0,100-110
LR3MS4JI485E41,40-44,CHN,320.0,276.0,369.0,193.0,296.0,378.0,309.0,336.0,321.0,297.0,318.0,155.0,310.0,309.0,385.0,623.0,877.0,6065.0,2567.0,2628.0,100-110
LR3MS4JI485310,40-44,CHN,300.0,310.0,283.0,165.0,293.0,320.0,326.0,423.0,345.0,302.0,324.0,150.0,382.0,382.0,729.0,369.0,681.0,6076.0,2421.0,2982.0,100-110
LR3MS4JI4859F7,40-44,CHN,337.0,292.0,292.0,191.0,309.0,377.0,315.0,371.0,331.0,344.0,327.0,156.0,331.0,422.0,373.0,638.0,682.0,6080.0,2791.0,2615.0,100-110
LR3MS4JI485176,45-49,CHN,370.0,320.0,315.0,261.0,320.0,373.0,314.0,322.0,333.0,326.0,316.0,198.0,316.0,374.0,375.0,583.0,682.0,6088.0,2757.0,2659.0,100-110
LR3MS4JI4859B9,35-39,CHN,378.0,315.0,335.0,180.0,363.0,362.0,371.0,345.0,381.0,299.0,389.0,175.0,386.0,311.0,442.0,348.0,727.0,6099.0,2335.0,3045.0,100-110
LR3MS4JI4850F5,35-39,CHN,308.0,304.0,536.0,143.0,550.0,346.0,632.0,316.0,302.0,312.0,273.0,120.0,301.0,367.0,331.0,400.0,572.0,6106.0,2308.0,3233.0,100-110
LR3MS4JI485E06,30-34,CHN,319.0,308.0,300.0,199.0,335.0,382.0,330.0,345.0,345.0,321.0,317.0,163.0,346.0,477.0,414.0,507.0,706.0,6107.0,2702.0,2706.0,100-110
LR3MS4JI485591,16-24,GER,315.0,313.0,284.0,180.0,300.0,376.0,312.0,408.0,331.0,328.0,313.0,173.0,342.0,398.0,359.0,644.0,751.0,6120.0,2820.0,2556.0,100-110
LR3MS4JI485977,35-39,CHN,271.0,311.0,269.0,226.0,299.0,351.0,300.0,387.0,401.0,351.0,306.0,167.0,325.0,353.0,450.0,623.0,746.0,6128.0,2769.0,2621.0,100-110
LR3MS4JI486030,30-34,CHN,315.0,267.0,293.0,179.0,310.0,300.0,316.0,570.0,334.0,315.0,319.0,158.0,313.0,449.0,375.0,525.0,803.0,6131.0,2763.0,2575.0,100-110
LR3MS4JI48511C,25-29,CHN,285.0,282.0,274.0,219.0,308.0,402.0,328.0,410.0,365.0,307.0,344.0,109.0,349.0,409.0,400.0,518.0,834.0,6135.0,2656.0,2653.0,100-110
LR3MS4JI485357,40-44,CHN,279.0,275.0,267.0,189.0,323.0,408.0,325.0,562.0,344.0,313.0,327.0,152.0,310.0,419.0,356.0,556.0,740.0,6137.0,2874.0,2531.0,100-110
LR3MS4JI4849D2,16-24,MGL,307.0,305.0,447.0,246.0,353.0,326.0,314.0,234.0,347.0,328.0,354.0,157.0,310.0,415.0,422.0,501.0,783.0,6142.0,2512.0,2854.0,100-110
LR3MS4JI485E38,35-39,CHN,344.0,311.0,333.0,274.0,334.0,303.0,338.0,305.0,362.0,329.0,353.0,166.0,343.0,314.0,390.0,640.0,716.0,6147.0,2642.0,2797.0,100-110
LR3MS4JI485DAE,30-34,CHN,300.0,304.0,292.0,211.0,348.0,311.0,339.0,441.0,381.0,346.0,358.0,176.0,354.0,346.0,440.0,466.0,757.0,6163.0,2601.0,2812.0,100-110
LR3MS4JI4859DA,25-29,CHN,348.0,294.0,326.0,191.0,357.0,315.0,364.0,360.0,404.0,318.0,358.0,153.0,352.0,355.0,459.0,556.0,681.0,6183.0,2542.0,2968.0,100-110
LR3MS4JI485DEF,35-39,CHN,325.0,348.0,285.0,81.0,279.0,196.0,289.0,527.0,329.0,340.0,302.0,218.0,299.0,488.0,357.0,796.0,738.0,6188.0,2994.0,2465.0,100-110
LR3MS4JI485C15,40-44,CHN,335.0,310.0,299.0,244.0,308.0,452.0,326.0,346.0,314.0,319.0,325.0,208.0,347.0,419.0,401.0,503.0,742.0,6191.0,2801.0,2655.0,100-110
LR3MS4JI48576F,30-34,CHN,354.0,320.0,309.0,240.0,321.0,344.0,322.0,443.0,331.0,330.0,315.0,219.0,334.0,329.0,396.0,593.0,711.0,6202.0,2818.0,2682.0,100-110
LR3MS4JI485349,25-29,CHN,307.0,300.0,302.0,209.0,341.0,322.0,345.0,423.0,355.0,323.0,337.0,174.0,337.0,330.0,469.0,562.0,784.0,6212.0,2643.0,2793.0,100-110
LR3MS4JI485C24,35-39,CHN,339.0,283.0,308.0,195.0,350.0,264.0,339.0,519.0,379.0,303.0,356.0,125.0,352.0,346.0,503.0,392.0,878.0,6223.0,2427.0,2926.0,100-110
LR3MS4JI485E2C,25-29,CHN,358.0,318.0,333.0,282.0,341.0,382.0,316.0,257.0,342.0,314.0,343.0,171.0,351.0,417.0,402.0,480.0,825.0,6223.0,2621.0,2786.0,100-110
LR3MS4JI486051,40-44,CHN,313.0,299.0,299.0,279.0,310.0,330.0,296.0,363.0,308.0,322.0,344.0,142.0,303.0,385.0,391.0,689.0,858.0,6224.0,2809.0,2564.0,100-110
LR3MS4JI485304,25-29,CHN,377.0,322.0,350.0,199.0,392.0,374.0,340.0,343.0,371.0,302.0,380.0,156.0,330.0,345.0,388.0,427.0,842.0,6230.0,2468.0,2928.0,100-110
LR3MS4JI485765,25-29,CHN,335.0,303.0,291.0,229.0,306.0,360.0,329.0,366.0,351.0,317.0,350.0,229.0,372.0,438.0,446.0,575.0,648.0,6237.0,2817.0,2780.0,100-110
LR3MS4JI485162,25-29,CHN,281.0,281.0,292.0,194.0,326.0,383.0,313.0,385.0,322.0,342.0,314.0,182.0,294.0,542.0,416.0,660.0,736.0,6255.0,2969.0,2558.0,100-110
LR3MS4JI485FF5,35-39,CHN,274.0,279.0,319.0,215.0,519.0,338.0,335.0,347.0,393.0,289.0,339.0,101.0,356.0,295.0,648.0,397.0,820.0,6257.0,2261.0,3183.0,100-110
LR3MS4JI4857C4,25-29,CHN,305.0,297.0,285.0,201.0,307.0,392.0,301.0,347.0,316.0,318.0,302.0,150.0,344.0,559.0,475.0,375.0,997.0,6265.0,2639.0,2635.0,100-110
LR3MS4JI485DC1,35-39,CHN,342.0,271.0,310.0,203.0,340.0,320.0,349.0,449.0,357.0,288.0,348.0,153.0,359.0,419.0,411.0,707.0,656.0,6273.0,2810.0,2816.0,100-110
LR3MS4JI4859D2,35-39,CHN,321.0,284.0,303.0,181.0,339.0,329.0,353.0,326.0,384.0,298.0,385.0,181.0,374.0,421.0,523.0,466.0,817.0,6276.0,2486.0,2982.0,100-110
LR3MS4JI4850EF,40-44,CHN,340.0,299.0,265.0,224.0,289.0,521.0,281.0,397.0,295.0,334.0,289.0,139.0,290.0,428.0,350.0,746.0,807.0,6285.0,3088.0,2399.0,100-110
LR3MS4JI4859B4,30-34,CHN,469.0,294.0,334.0,200.0,370.0,307.0,360.0,322.0,432.0,354.0,371.0,163.0,350.0,294.0,444.0,438.0,796.0,6290.0,2372.0,3130.0,100-110
LR3MS4JI485587,30-34,CHN,313.0,293.0,285.0,227.0,332.0,326.0,320.0,328.0,311.0,309.0,311.0,178.0,303.0,436.0,394.0,719.0,927.0,6305.0,2816.0,2569.0,100-110
LR3MS4JI485BA6,45-49,CHN,349.0,284.0,305.0,220.0,311.0,357.0,321.0,378.0,320.0,333.0,321.0,128.0,320.0,425.0,463.0,586.0,906.0,6319.0,2711.0,2710.0,100-110
LR3MS4JI48514E,40-44,CHN,333.0,338.0,284.0,195.0,290.0,299.0,300.0,373.0,325.0,330.0,303.0,160.0,299.0,467.0,569.0,877.0,602.0,6337.0,3039.0,2703.0,100-110
LR3MS4JI48577A,30-34,CHN,300.0,297.0,302.0,175.0,349.0,314.0,358.0,467.0,368.0,289.0,358.0,174.0,341.0,533.0,410.0,484.0,828.0,6340.0,2733.0,2786.0,100-110
LR3MS4JI48598B,30-34,CHN,502.0,321.0,293.0,205.0,317.0,324.0,319.0,578.0,359.0,347.0,330.0,179.0,337.0,394.0,384.0,446.0,723.0,6351.0,2794.0,2841.0,100-110
LR3MS4JI485568,30-34,CHN,301.0,303.0,303.0,259.0,354.0,407.0,341.0,435.0,352.0,331.0,342.0,159.0,379.0,466.0,465.0,457.0,715.0,6360.0,2817.0,2837.0,100-110
LR3MS4JI485359,35-39,CHN,337.0,292.0,293.0,180.0,343.0,370.0,328.0,218.0,397.0,331.0,454.0,130.0,422.0,365.0,600.0,426.0,888.0,6365.0,2312.0,3174.0,100-110
LR3MS4JI48597F,40-44,CHN,309.0,293.0,315.0,265.0,347.0,383.0,323.0,414.0,332.0,327.0,342.0,184.0,353.0,367.0,442.0,667.0,723.0,6377.0,2900.0,2763.0,100-110
LR3MS4JI485DEB,35-39,CHN,322.0,297.0,286.0,266.0,321.0,475.0,378.0,393.0,362.0,355.0,347.0,180.0,345.0,365.0,400.0,527.0,773.0,6384.0,2858.0,2761.0,100-110
LR3MS4JI48601C,40-44,CHN,306.0,328.0,283.0,190.0,321.0,391.0,337.0,399.0,376.0,322.0,343.0,153.0,350.0,424.0,381.0,585.0,908.0,6390.0,2792.0,2697.0,100-110
LR3MS4JI48494A,35-39,PHI,365.0,306.0,335.0,212.0,355.0,321.0,375.0,473.0,385.0,318.0,387.0,171.0,404.0,407.0,425.0,451.0,722.0,6405.0,2659.0,3031.0,100-110
LR3MS4JI484A49,30-34,MGL,328.0,312.0,323.0,228.0,372.0,411.0,353.0,438.0,364.0,340.0,349.0,194.0,340.0,393.0,380.0,601.0,705.0,6421.0,2917.0,2809.0,100-110
LR3MS4JI485FDC,25-29,CHN,403.0,285.0,341.0,207.0,361.0,372.0,383.0,381.0,382.0,310.0,371.0,175.0,485.0,354.0,540.0,352.0,741.0,6437.0,2436.0,3266.0,100-110
LR3MS4JI485BF8,25-29,CHN,357.0,328.0,324.0,302.0,364.0,388.0,369.0,323.0,390.0,355.0,375.0,201.0,379.0,360.0,470.0,502.0,661.0,6440.0,2759.0,3028.0,100-110
LR3MS4JI485BBE,30-34,CHN,344.0,293.0,334.0,161.0,359.0,285.0,362.0,357.0,400.0,312.0,378.0,141.0,390.0,710.0,549.0,334.0,751.0,6452.0,2593.0,3116.0,100-110
LR3MS4JI48601B,16-24,CHN,324.0,345.0,285.0,188.0,307.0,460.0,309.0,421.0,410.0,372.0,322.0,185.0,329.0,431.0,419.0,580.0,792.0,6470.0,2982.0,2705.0,100-110
LR3MS4JI48536D,30-34,CHN,323.0,295.0,306.0,250.0,373.0,396.0,384.0,427.0,355.0,302.0,337.0,135.0,346.0,369.0,429.0,506.0,950.0,6477.0,2680.0,2853.0,100-110
LR3MS4JI485155,25-29,CHN,403.0,307.0,353.0,168.0,394.0,324.0,377.0,345.0,530.0,294.0,404.0,76.0,413.0,403.0,370.0,519.0,807.0,6480.0,2436.0,3244.0,100-110
LR3MS4JI485508,45-49,CHN,307.0,291.0,302.0,229.0,324.0,388.0,328.0,484.0,352.0,297.0,349.0,213.0,369.0,402.0,471.0,605.0,784.0,6487.0,2909.0,2802.0,100-110
LR3MS4JI4857A4,16-24,CHN,321.0,278.0,297.0,212.0,330.0,326.0,295.0,477.0,317.0,304.0,331.0,165.0,321.0,530.0,669.0,443.0,888.0,6497.0,2735.0,2881.0,100-110
LR3MS4JI48600A,40-44,CHN,422.0,307.0,364.0,166.0,387.0,379.0,383.0,426.0,396.0,338.0,365.0,152.0,370.0,425.0,453.0,455.0,739.0,6521.0,2648.0,3140.0,100-110
LR3MS4JI485DBE,35-39,CHN,372.0,311.0,314.0,219.0,344.0,361.0,344.0,382.0,376.0,312.0,356.0,270.0,340.0,399.0,440.0,615.0,783.0,6531.0,2869.0,2886.0,100-110
LR3MS4JI485320,30-34,CHN,376.0,305.0,320.0,250.0,340.0,449.0,336.0,378.0,374.0,316.0,362.0,179.0,370.0,367.0,445.0,528.0,861.0,6546.0,2772.0,2923.0,100-110
LR3MS4JI48552C,30-34,CHN,340.0,288.0,309.0,249.0,342.0,423.0,354.0,384.0,375.0,299.0,328.0,179.0,470.0,498.0,393.0,450.0,897.0,6569.0,2770.0,2911.0,100-110
LR3MS4JI485BFB,25-29,CHN,340.0,285.0,380.0,205.0,433.0,339.0,402.0,464.0,398.0,332.0,355.0,150.0,422.0,342.0,473.0,512.0,748.0,6571.0,2629.0,3203.0,100-110
LR3MS4JI485E1E,25-29,CHN,341.0,310.0,303.0,294.0,326.0,468.0,308.0,468.0,314.0,325.0,317.0,201.0,329.0,525.0,376.0,647.0,740.0,6585.0,3238.0,2614.0,100-110
LR3MS4JI485E27,30-34,CHN,356.0,344.0,337.0,227.0,384.0,381.0,372.0,455.0,378.0,360.0,433.0,165.0,369.0,315.0,439.0,555.0,726.0,6588.0,2802.0,3068.0,100-110
LR3MS4JI48516B,40-44,CHN,279.0,297.0,294.0,291.0,377.0,502.0,319.0,422.0,356.0,298.0,353.0,163.0,344.0,395.0,445.0,558.0,909.0,6594.0,2926.0,2767.0,100-110
LR3MS4JI4859A2,35-39,CHN,368.0,320.0,316.0,179.0,353.0,378.0,356.0,391.0,362.0,373.0,441.0,161.0,373.0,400.0,480.0,474.0,888.0,6604.0,2676.0,3049.0,110-120
LR3MS4JI4859E2,35-39,CHN,315.0,306.0,301.0,229.0,316.0,467.0,342.0,385.0,354.0,298.0,427.0,163.0,412.0,473.0,436.0,597.0,797.0,6610.0,2918.0,2903.0,110-120
LR3MS4JI485C1F,16-24,CHN,304.0,267.0,321.0,268.0,329.0,278.0,331.0,428.0,443.0,319.0,413.0,204.0,370.0,462.0,368.0,497.0,1019.0,6612.0,2723.0,2879.0,110-120
LR3MS4JI485BDA,40-44,CHN,400.0,340.0,360.0,170.0,357.0,344.0,359.0,440.0,377.0,326.0,360.0,203.0,370.0,528.0,485.0,575.0,634.0,6622.0,2926.0,3068.0,110-120
LR3MS4JI4859C1,40-44,CHN,293.0,271.0,280.0,239.0,327.0,409.0,365.0,472.0,324.0,315.0,380.0,178.0,661.0,464.0,404.0,501.0,770.0,6646.0,2849.0,3034.0,110-120
LR3MS4JI485FCC,35-39,CHN,300.0,304.0,273.0,231.0,299.0,307.0,308.0,199.0,331.0,307.0,383.0,156.0,601.0,576.0,989.0,365.0,733.0,6656.0,2445.0,3484.0,110-120
LR3MS4JI485114,25-29,CHN,329.0,296.0,303.0,195.0,395.0,354.0,356.0,237.0,427.0,328.0,393.0,193.0,361.0,369.0,537.0,577.0,1018.0,6659.0,2549.0,3101.0,110-120
LR3MS4JI485B97,40-44,CHN,351.0,305.0,296.0,237.0,339.0,449.0,324.0,550.0,340.0,336.0,333.0,139.0,313.0,526.0,353.0,779.0,699.0,6661.0,3321.0,2649.0,110-120
LR3MS4JI485737,30-34,CHN,529.0,303.0,303.0,218.0,321.0,388.0,321.0,463.0,342.0,332.0,334.0,143.0,325.0,383.0,469.0,778.0,722.0,6667.0,3008.0,2944.0,110-120
LR3MS4JI486019,50-54,CHN,369.0,292.0,314.0,192.0,336.0,314.0,333.0,505.0,366.0,326.0,342.0,128.0,319.0,560.0,417.0,661.0,908.0,6674.0,2978.0,2796.0,110-120
LR3MS4JI485771,40-44,CHN,317.0,317.0,310.0,201.0,332.0,477.0,331.0,432.0,335.0,355.0,335.0,165.0,368.0,475.0,498.0,579.0,860.0,6678.0,3001.0,2826.0,110-120
LR3MS4JI485E04,30-34,CHN,357.0,296.0,334.0,414.0,382.0,332.0,387.0,291.0,439.0,335.0,361.0,171.0,383.0,375.0,493.0,556.0,790.0,6689.0,2770.0,3136.0,110-120
LR3MS4JI485341,30-34,CHN,295.0,276.0,279.0,217.0,322.0,899.0,322.0,488.0,357.0,307.0,385.0,213.0,367.0,373.0,423.0,406.0,775.0,6697.0,3179.0,2750.0,110-120
LR3MS4JI485DE0,35-39,CHN,332.0,299.0,324.0,246.0,341.0,471.0,315.0,591.0,340.0,317.0,342.0,213.0,354.0,598.0,419.0,498.0,706.0,6699.0,3233.0,2767.0,110-120
LR3MS4JI485C22,30-34,CHN,313.0,321.0,309.0,291.0,328.0,510.0,293.0,283.0,393.0,335.0,308.0,236.0,297.0,345.0,424.0,654.0,1073.0,6703.0,2975.0,2665.0,110-120
LR3MS4JI486046,30-34,CHN,306.0,313.0,320.0,266.0,335.0,400.0,347.0,437.0,354.0,351.0,331.0,174.0,424.0,383.0,650.0,495.0,829.0,6707.0,2819.0,3067.0,110-120
LR3MS4JI48559C,30-34,CHN,357.0,365.0,307.0,304.0,313.0,490.0,325.0,496.0,333.0,314.0,331.0,235.0,323.0,399.0,427.0,621.0,788.0,6718.0,3224.0,2716.0,110-120
LR3MS4JI486029,30-34,CHN,310.0,293.0,311.0,184.0,334.0,349.0,352.0,398.0,348.0,332.0,342.0,189.0,312.0,465.0,381.0,1055.0,781.0,6728.0,3265.0,2690.0,110-120
LR3MS4JI485733,16-24,CHN,284.0,322.0,280.0,342.0,407.0,527.0,287.0,406.0,357.0,321.0,379.0,161.0,349.0,313.0,521.0,475.0,1012.0,6736.0,2867.0,2864.0,110-120
LR3MS4JI485371,40-44,CHN,299.0,344.0,281.0,214.0,303.0,427.0,335.0,408.0,346.0,336.0,329.0,148.0,323.0,436.0,625.0,789.0,808.0,6743.0,3102.0,2841.0,110-120
LR3MS4JI485574,40-44,CHN,327.0,308.0,299.0,184.0,323.0,426.0,353.0,608.0,363.0,296.0,363.0,206.0,349.0,392.0,387.0,867.0,705.0,6747.0,3287.0,2764.0,110-120
LR3MS4JI485599,40-44,CHN,313.0,300.0,295.0,177.0,314.0,315.0,332.0,328.0,450.0,326.0,505.0,165.0,544.0,519.0,541.0,579.0,768.0,6762.0,2709.0,3294.0,110-120
LR3MS4JI48578F,40-44,CHN,345.0,318.0,294.0,278.0,311.0,391.0,313.0,485.0,333.0,352.0,315.0,198.0,397.0,416.0,422.0,687.0,919.0,6765.0,3125.0,2730.0,110-120
LR3MS4JI4859E7,40-44,USA,374.0,299.0,342.0,207.0,344.0,333.0,346.0,567.0,450.0,321.0,373.0,232.0,378.0,481.0,414.0,509.0,814.0,6775.0,2949.0,3021.0,110-120
LR3MS4JI484A6A,40-44,JPN,344.0,302.0,327.0,234.0,362.0,434.0,363.0,597.0,367.0,348.0,341.0,171.0,334.0,511.0,394.0,619.0,754.0,6794.0,3216.0,2832.0,110-120
LR3MS4JI48557E,30-34,CHN,291.0,355.0,268.0,276.0,309.0,457.0,280.0,527.0,285.0,350.0,261.0,204.0,287.0,457.0,459.0,704.0,1041.0,6804.0,3330.0,2440.0,110-120
LR3MS4JI48602C,25-29,CHN,346.0,316.0,306.0,196.0,330.0,345.0,330.0,297.0,367.0,320.0,587.0,212.0,448.0,257.0,694.0,694.0,775.0,6811.0,2637.0,3408.0,110-120
LR3MS4JI486048,30-34,CHN,345.0,352.0,291.0,230.0,320.0,541.0,369.0,449.0,402.0,379.0,324.0,224.0,338.0,405.0,541.0,456.0,855.0,6815.0,3036.0,2930.0,110-120
LR3MS4JI48494F,16-24,MGL,531.0,322.0,320.0,196.0,351.0,349.0,355.0,487.0,357.0,329.0,342.0,137.0,361.0,488.0,525.0,562.0,828.0,6831.0,2870.0,3142.0,110-120
LR3MS4JI4859D1,30-34,CHN,361.0,305.0,565.0,217.0,389.0,342.0,343.0,478.0,389.0,299.0,351.0,149.0,344.0,500.0,431.0,614.0,771.0,6841.0,2904.0,3173.0,110-120
LR3MS4JI4852EB,25-29,CHN,369.0,337.0,342.0,193.0,407.0,508.0,394.0,378.0,402.0,343.0,364.0,174.0,385.0,375.0,468.0,727.0,693.0,6850.0,3035.0,3131.0,110-120
LR3MS4JI4850F3,40-44,CHN,358.0,319.0,297.0,210.0,319.0,374.0,326.0,397.0,334.0,346.0,328.0,276.0,332.0,588.0,388.0,992.0,687.0,6863.0,3502.0,2682.0,110-120
LR3MS4JI4859E0,35-39,CHN,327.0,290.0,552.0,309.0,371.0,372.0,351.0,372.0,364.0,342.0,383.0,131.0,327.0,465.0,454.0,560.0,921.0,6884.0,2841.0,3129.0,110-120
LR3MS4JI48536E,30-34,CHN,335.0,306.0,338.0,175.0,354.0,337.0,385.0,547.0,499.0,302.0,393.0,153.0,359.0,381.0,531.0,602.0,917.0,6905.0,2803.0,3194.0,110-120
LR3MS4JI48600F,40-44,CHN,324.0,319.0,292.0,264.0,342.0,543.0,365.0,401.0,418.0,354.0,326.0,220.0,360.0,356.0,416.0,863.0,752.0,6909.0,3320.0,2843.0,110-120
LR3MS4JI485E0C,35-39,POL,350.0,273.0,379.0,181.0,398.0,349.0,395.0,483.0,401.0,351.0,438.0,202.0,402.0,484.0,539.0,446.0,847.0,6909.0,2769.0,3302.0,110-120
LR3MS4JI48578A,35-39,CHN,366.0,317.0,352.0,208.0,381.0,364.0,371.0,416.0,374.0,332.0,382.0,186.0,401.0,457.0,530.0,646.0,853.0,6927.0,2926.0,3157.0,110-120
LR3MS4JI485106,35-39,CHN,295.0,284.0,326.0,192.0,578.0,354.0,384.0,366.0,414.0,319.0,419.0,135.0,438.0,442.0,493.0,579.0,922.0,6932.0,2671.0,3347.0,110-120
LR3MS4JI4859A7,25-29,CHN,325.0,315.0,283.0,221.0,316.0,411.0,335.0,453.0,367.0,393.0,306.0,198.0,325.0,632.0,446.0,975.0,659.0,6952.0,3598.0,2703.0,110-120
LR3MS4JI48512A,30-34,CHN,318.0,296.0,299.0,189.0,337.0,300.0,348.0,674.0,459.0,332.0,336.0,126.0,362.0,532.0,583.0,471.0,1016.0,6970.0,2920.0,3042.0,110-120
LR3MS4JI4849EB,30-34,GBR,350.0,287.0,319.0,246.0,330.0,427.0,346.0,696.0,342.0,343.0,362.0,164.0,348.0,676.0,433.0,633.0,696.0,6992.0,3472.0,2830.0,110-120
LR3MS4JI48600D,40-44,CHN,381.0,312.0,318.0,178.0,377.0,462.0,383.0,489.0,386.0,321.0,391.0,199.0,428.0,413.0,485.0,567.0,922.0,7001.0,2941.0,3149.0,110-120
LR3MS4JI486004,35-39,CHN,324.0,319.0,316.0,250.0,382.0,470.0,368.0,370.0,377.0,309.0,383.0,146.0,388.0,353.0,626.0,779.0,856.0,7006.0,2996.0,3164.0,110-120
LR3MS4JI485125,40-44,CHN,544.0,325.0,338.0,383.0,341.0,464.0,335.0,282.0,356.0,371.0,350.0,259.0,341.0,564.0,384.0,636.0,755.0,7020.0,3284.0,2989.0,110-120
LR3MS4JI485E03,35-39,HKG,555.0,316.0,346.0,241.0,390.0,360.0,383.0,441.0,402.0,304.0,416.0,138.0,384.0,438.0,473.0,599.0,856.0,7034.0,2837.0,3349.0,110-120
LR3MS4JI4850F9,35-39,CHN,332.0,288.0,354.0,317.0,359.0,364.0,336.0,457.0,344.0,311.0,353.0,203.0,370.0,649.0,484.0,682.0,843.0,7040.0,3271.0,2932.0,110-120
LR3MS4JI48555B,30-34,CHN,340.0,315.0,288.0,209.0,553.0,356.0,324.0,522.0,331.0,354.0,333.0,187.0,343.0,517.0,430.0,868.0,782.0,7046.0,3328.0,2942.0,110-120
LR3MS4JI485322,40-44,CHN,424.0,336.0,395.0,210.0,399.0,330.0,407.0,467.0,432.0,344.0,427.0,204.0,435.0,414.0,459.0,479.0,908.0,7063.0,2784.0,3378.0,110-120
LR3MS4JI484A10,16-24,INA,295.0,327.0,291.0,267.0,345.0,438.0,292.0,597.0,311.0,330.0,310.0,171.0,311.0,470.0,904.0,554.0,886.0,7090.0,3154.0,3059.0,110-120
LR3MS4JI485577,30-34,CHN,330.0,304.0,325.0,212.0,340.0,418.0,369.0,475.0,427.0,350.0,347.0,305.0,355.0,475.0,445.0,639.0,990.0,7095.0,3178.0,2938.0,110-120
LR3MS4JI484A1F,40-44,SIN,273.0,266.0,242.0,186.0,257.0,259.0,256.0,269.0,263.0,290.0,464.0,125.0,732.0,569.0,687.0,341.0,1647.0,7117.0,2305.0,3174.0,110-120
LR3MS4JI48554E,30-34,CHN,370.0,313.0,298.0,202.0,350.0,411.0,386.0,403.0,420.0,309.0,393.0,180.0,476.0,359.0,570.0,663.0,1036.0,7132.0,2840.0,3263.0,110-120
LR3MS4JI485C1A,30-34,CHN,395.0,310.0,337.0,275.0,383.0,406.0,379.0,418.0,442.0,336.0,349.0,204.0,379.0,506.0,488.0,746.0,803.0,7148.0,3201.0,3152.0,110-120
LR3MS4JI485BDB,30-34,CHN,343.0,342.0,319.0,282.0,351.0,336.0,341.0,381.0,384.0,349.0,399.0,182.0,422.0,390.0,1036.0,514.0,787.0,7152.0,2776.0,3595.0,110-120
LR3MS4JI4857D5,35-39,CHN,425.0,321.0,365.0,204.0,396.0,375.0,420.0,610.0,452.0,339.0,437.0,155.0,435.0,543.0,537.0,421.0,749.0,7178.0,2968.0,3467.0,110-120
LR3MS4JI485E42,55-59,CHN,359.0,358.0,311.0,232.0,321.0,426.0,323.0,569.0,347.0,388.0,329.0,200.0,332.0,849.0,391.0,820.0,642.0,7188.0,3842.0,2713.0,110-120
LR3MS4JI4857C9,30-34,CHN,349.0,311.0,324.0,234.0,367.0,384.0,383.0,465.0,420.0,329.0,429.0,172.0,408.0,499.0,466.0,738.0,934.0,7204.0,3132.0,3146.0,120+
LR3MS4JI485E17,30-34,CHN,269.0,349.0,254.0,303.0,297.0,583.0,273.0,467.0,318.0,345.0,273.0,253.0,272.0,744.0,338.0,1217.0,658.0,7205.0,4261.0,2294.0,120+
LR3MS4JI48578B,35-39,CHN,378.0,312.0,347.0,262.0,374.0,333.0,393.0,436.0,458.0,352.0,436.0,221.0,446.0,515.0,619.0,506.0,840.0,7220.0,2937.0,3451.0,120+
LR3MS4JI485A04,16-24,CHN,397.0,318.0,349.0,210.0,387.0,418.0,367.0,424.0,395.0,355.0,376.0,220.0,398.0,583.0,468.0,799.0,770.0,7226.0,3327.0,3137.0,120+
LR3MS4JI48531E,35-39,CHN,299.0,298.0,528.0,175.0,537.0,327.0,540.0,225.0,545.0,315.0,547.0,165.0,717.0,330.0,740.0,340.0,613.0,7234.0,2175.0,4453.0,120+
LR3MS4JI4857A7,35-39,CHN,380.0,307.0,394.0,233.0,426.0,395.0,412.0,409.0,449.0,333.0,423.0,184.0,413.0,401.0,692.0,532.0,876.0,7251.0,2794.0,3589.0,120+
LR3MS4JI48602D,16-24,CHN,386.0,313.0,345.0,203.0,454.0,291.0,418.0,457.0,491.0,368.0,352.0,162.0,379.0,641.0,574.0,587.0,865.0,7277.0,3022.0,3399.0,120+
LR3MS4JI485BEB,35-39,CHN,358.0,319.0,332.0,183.0,360.0,361.0,381.0,524.0,403.0,359.0,380.0,165.0,408.0,520.0,441.0,1006.0,795.0,7287.0,3437.0,3063.0,120+
LR3MS4JI48530E,50-54,CHN,334.0,328.0,311.0,313.0,344.0,430.0,348.0,656.0,454.0,333.0,376.0,157.0,363.0,334.0,412.0,762.0,1052.0,7299.0,3313.0,2942.0,120+
LR3MS4JI486013,35-39,CHN,390.0,299.0,329.0,206.0,341.0,453.0,338.0,435.0,363.0,324.0,371.0,208.0,927.0,416.0,682.0,444.0,786.0,7304.0,2785.0,3741.0,120+
LR3MS4JI48534B,30-34,CHN,359.0,356.0,351.0,275.0,377.0,361.0,382.0,558.0,403.0,313.0,388.0,187.0,437.0,451.0,524.0,685.0,917.0,7316.0,3186.0,3221.0,120+
LR3MS4JI48602F,25-29,FRA,375.0,319.0,336.0,213.0,342.0,377.0,360.0,555.0,403.0,383.0,375.0,148.0,387.0,537.0,549.0,510.0,1176.0,7336.0,3042.0,3127.0,120+
LR3MS4JI485124,30-34,CHN,411.0,302.0,388.0,213.0,455.0,412.0,447.0,488.0,477.0,312.0,465.0,193.0,518.0,473.0,485.0,422.0,910.0,7363.0,2815.0,3646.0,120+
LR3MS4JI485DF7,35-39,CHN,377.0,353.0,331.0,165.0,369.0,313.0,380.0,510.0,417.0,354.0,400.0,226.0,718.0,452.0,494.0,652.0,863.0,7366.0,3025.0,3486.0,120+
LR3MS4JI485DE4,25-29,CHN,342.0,321.0,336.0,253.0,330.0,367.0,315.0,322.0,351.0,373.0,389.0,166.0,648.0,669.0,802.0,705.0,733.0,7414.0,3176.0,3513.0,120+
LR3MS4JI485DD4,30-34,CHN,285.0,302.0,541.0,241.0,570.0,372.0,326.0,580.0,345.0,315.0,345.0,165.0,345.0,658.0,478.0,581.0,997.0,7438.0,3214.0,3235.0,120+
LR3MS4JI485DB9,40-44,CHN,305.0,314.0,303.0,180.0,316.0,401.0,332.0,624.0,363.0,315.0,351.0,138.0,366.0,752.0,427.0,1110.0,858.0,7447.0,3834.0,2763.0,120+
LR3MS4JI48536C,30-34,CHN,360.0,309.0,311.0,223.0,361.0,448.0,323.0,425.0,354.0,312.0,355.0,138.0,347.0,471.0,1017.0,828.0,884.0,7460.0,3154.0,3428.0,120+
LR3MS4JI48517D,45-49,CHN,331.0,335.0,294.0,370.0,295.0,648.0,309.0,368.0,336.0,338.0,312.0,465.0,362.0,514.0,602.0,791.0,807.0,7471.0,3829.0,2841.0,120+
LR3MS4JI485342,30-34,CHN,381.0,304.0,364.0,237.0,407.0,406.0,435.0,562.0,523.0,347.0,482.0,159.0,430.0,421.0,633.0,552.0,866.0,7500.0,2988.0,3655.0,120+
LR3MS4JI485544,30-34,CHN,316.0,315.0,308.0,154.0,379.0,380.0,346.0,507.0,447.0,334.0,367.0,186.0,440.0,439.0,1016.0,722.0,870.0,7515.0,3037.0,3619.0,120+
LR3MS4JI485978,35-39,CHN,351.0,308.0,324.0,265.0,383.0,440.0,344.0,358.0,388.0,343.0,353.0,173.0,409.0,419.0,453.0,1215.0,1014.0,7532.0,3521.0,3005.0,120+
LR3MS4JI485158,30-34,CHN,389.0,279.0,351.0,231.0,404.0,351.0,417.0,583.0,481.0,302.0,449.0,169.0,462.0,392.0,584.0,717.0,984.0,7538.0,3024.0,3537.0,120+
LR3MS4JI485321,30-34,CHN,337.0,320.0,326.0,273.0,364.0,558.0,345.0,527.0,361.0,362.0,348.0,206.0,394.0,540.0,624.0,839.0,865.0,7581.0,3625.0,3099.0,120+
LR3MS4JI485BE6,25-29,CHN,368.0,314.0,393.0,300.0,404.0,397.0,389.0,636.0,450.0,317.0,428.0,202.0,431.0,618.0,594.0,532.0,852.0,7618.0,3316.0,3457.0,120+
LR3MS4JI485FD5,35-39,CHN,334.0,285.0,332.0,276.0,363.0,360.0,364.0,695.0,542.0,329.0,368.0,146.0,503.0,403.0,874.0,444.0,1016.0,7626.0,2938.0,3680.0,120+
LR3MS4JI485338,25-29,CHN,368.0,341.0,337.0,159.0,371.0,580.0,387.0,475.0,381.0,375.0,365.0,212.0,418.0,743.0,387.0,817.0,949.0,7655.0,3702.0,3014.0,120+
LR3MS4JI486044,30-34,CHN,349.0,331.0,492.0,321.0,636.0,431.0,555.0,395.0,356.0,329.0,321.0,199.0,347.0,578.0,463.0,955.0,625.0,7673.0,3539.0,3519.0,120+
LR3MS4JI485B9A,35-39,CHN,298.0,336.0,284.0,273.0,312.0,638.0,301.0,610.0,318.0,371.0,317.0,259.0,355.0,518.0,546.0,1140.0,841.0,7709.0,4145.0,2731.0,120+
LR3MS4JI4857CE,40-44,CHN,392.0,344.0,346.0,311.0,399.0,420.0,412.0,579.0,493.0,363.0,442.0,187.0,431.0,444.0,540.0,757.0,868.0,7720.0,3405.0,3455.0,120+
LR3MS4JI485BBC,25-29,CHN,425.0,333.0,353.0,267.0,370.0,365.0,370.0,355.0,376.0,347.0,489.0,228.0,544.0,355.0,783.0,609.0,1167.0,7728.0,2859.0,3710.0,120+
LR3MS4JI485142,35-39,CHN,335.0,305.0,316.0,275.0,470.0,441.0,446.0,522.0,413.0,337.0,367.0,196.0,373.0,514.0,646.0,1022.0,791.0,7760.0,3612.0,3366.0,120+
LR3MS4JI4859C2,40-44,CHN,326.0,319.0,329.0,233.0,397.0,506.0,348.0,608.0,437.0,367.0,391.0,192.0,400.0,511.0,588.0,917.0,957.0,7819.0,3653.0,3216.0,120+
LR3MS4JI486005,40-44,CHN,395.0,336.0,351.0,280.0,355.0,439.0,355.0,412.0,351.0,352.0,609.0,164.0,347.0,594.0,747.0,774.0,1005.0,7859.0,3351.0,3510.0,120+
LR3MS4JI485FCD,25-29,CHN,372.0,327.0,337.0,243.0,344.0,545.0,350.0,487.0,340.0,371.0,383.0,143.0,398.0,581.0,984.0,683.0,1065.0,7943.0,3380.0,3508.0,120+
LR3MS4JI484A74,30-34,MGL,567.0,314.0,371.0,221.0,460.0,398.0,439.0,497.0,638.0,371.0,390.0,163.0,371.0,509.0,666.0,582.0,1025.0,7972.0,3055.0,3902.0,120+
LR3MS4JI485E23,25-29,CHN,360.0,312.0,378.0,283.0,408.0,431.0,406.0,571.0,480.0,351.0,493.0,156.0,462.0,451.0,559.0,945.0,998.0,8035.0,3500.0,3546.0,120+
LR3MS4JI485E0E,35-39,CHN,367.0,332.0,374.0,255.0,359.0,480.0,381.0,517.0,447.0,318.0,436.0,344.0,432.0,363.0,549.0,910.0,1199.0,8053.0,3519.0,3345.0,120+
LR3MS4JI486009,45-49,CHN,394.0,334.0,369.0,271.0,404.0,346.0,418.0,469.0,495.0,468.0,458.0,172.0,453.0,497.0,712.0,815.0,1034.0,8102.0,3372.0,3703.0,120+
LR3MS4JI48512F,35-39,CHN,374.0,330.0,318.0,215.0,464.0,368.0,397.0,665.0,487.0,412.0,378.0,215.0,401.0,573.0,534.0,1079.0,905.0,8110.0,3857.0,3353.0,120+
LR3MS4JI48534E,30-34,CHN,339.0,317.0,317.0,289.0,470.0,412.0,700.0,381.0,604.0,330.0,531.0,173.0,427.0,351.0,784.0,805.0,918.0,8139.0,3058.0,4172.0,120+
LR3MS4JI485C0B,45-49,CHN,589.0,322.0,537.0,172.0,548.0,404.0,559.0,405.0,593.0,305.0,563.0,219.0,373.0,540.0,516.0,694.0,812.0,8142.0,3061.0,4278.0,120+
LR3MS4JI485BC9,30-34,CHN,339.0,304.0,325.0,254.0,360.0,513.0,364.0,564.0,396.0,334.0,377.0,420.0,366.0,590.0,741.0,837.0,1086.0,8164.0,3816.0,3268.0,120+
LR3MS4JI48536A,35-39,CHN,324.0,315.0,351.0,247.0,407.0,469.0,370.0,634.0,488.0,322.0,645.0,177.0,401.0,605.0,617.0,824.0,1012.0,8198.0,3593.0,3603.0,120+
LR3MS4JI485154,40-44,CHN,398.0,297.0,322.0,200.0,350.0,384.0,355.0,550.0,543.0,336.0,563.0,197.0,496.0,417.0,877.0,805.0,1183.0,8264.0,3186.0,3904.0,120+
LR3MS4JI485BB6,25-29,CHN,301.0,311.0,318.0,309.0,337.0,434.0,356.0,464.0,617.0,343.0,461.0,223.0,1168.0,548.0,592.0,459.0,1092.0,8326.0,3091.0,4150.0,120+
LR3MS4JI485790,30-34,CHN,453.0,305.0,431.0,223.0,484.0,506.0,500.0,333.0,565.0,335.0,491.0,232.0,489.0,430.0,740.0,687.0,1172.0,8367.0,3051.0,4153.0,120+
LR3MS4JI485E37,16-24,CHN,378.0,360.0,351.0,343.0,349.0,448.0,384.0,583.0,433.0,382.0,554.0,395.0,445.0,532.0,629.0,800.0,1047.0,8406.0,3843.0,3523.0,120+
LR3MS4JI48533D,30-34,CHN,298.0,308.0,364.0,381.0,470.0,492.0,386.0,605.0,447.0,331.0,411.0,184.0,442.0,888.0,759.0,622.0,1043.0,8422.0,3811.0,3577.0,120+
LR3MS4JI4857B5,30-34,CHN,400.0,391.0,414.0,251.0,415.0,479.0,452.0,558.0,453.0,392.0,455.0,229.0,478.0,298.0,764.0,1112.0,995.0,8528.0,3710.0,3831.0,120+
LR3MS4JI4857BD,45-49,CHN,335.0,323.0,338.0,185.0,501.0,343.0,524.0,467.0,752.0,365.0,482.0,174.0,466.0,443.0,757.0,1095.0,1076.0,8619.0,3395.0,4155.0,120+
LR3MS4JI4859BE,30-34,CHN,394.0,419.0,328.0,514.0,402.0,642.0,383.0,510.0,374.0,396.0,355.0,329.0,372.0,598.0,453.0,1120.0,1080.0,8660.0,4528.0,3061.0,120+
LR3MS4JI48574F,35-39,CHN,463.0,310.0,533.0,236.0,545.0,350.0,545.0,684.0,586.0,322.0,552.0,185.0,552.0,572.0,644.0,810.0,819.0,8701.0,3469.0,4420.0,120+
LR3MS4JI485743,35-39,CHN,305.0,351.0,340.0,498.0,449.0,777.0,376.0,573.0,376.0,376.0,358.0,321.0,395.0,712.0,490.0,1001.0,1041.0,8730.0,4609.0,3089.0,120+
LR3MS4JI4859BA,25-29,CHN,369.0,329.0,391.0,224.0,487.0,338.0,470.0,577.0,543.0,337.0,474.0,176.0,492.0,575.0,1111.0,871.0,1022.0,8778.0,3427.0,4337.0,120+
LR3MS4JI485DD5,35-39,CHN,365.0,332.0,351.0,290.0,364.0,426.0,382.0,437.0,477.0,328.0,922.0,251.0,501.0,511.0,711.0,1202.0,971.0,8814.0,3777.0,4073.0,120+
LR3MS4JI4859C7,40-44,CHN,375.0,302.0,345.0,223.0,389.0,542.0,444.0,742.0,498.0,313.0,461.0,204.0,427.0,932.0,675.0,874.0,1157.0,8896.0,4132.0,3614.0,120+
LR3MS4JI485C1E,55-59,CHN,384.0,317.0,331.0,325.0,402.0,521.0,451.0,827.0,489.0,377.0,397.0,180.0,405.0,636.0,773.0,1217.0,927.0,8950.0,4400.0,3632.0,120+
LR3MS4JI485509,35-39,CHN,597.0,337.0,482.0,232.0,512.0,328.0,503.0,549.0,547.0,334.0,521.0,269.0,553.0,666.0,784.0,570.0,1253.0,9029.0,3285.0,4499.0,120+
LR3MS4JI485563,30-34,CHN,350.0,351.0,338.0,384.0,472.0,408.0,429.0,566.0,525.0,371.0,434.0,238.0,475.0,628.0,784.0,1061.0,1255.0,9058.0,4007.0,3807.0,120+
LR3MS4JI484A03,40-44,CHN,377.0,347.0,546.0,251.0,512.0,598.0,400.0,462.0,518.0,394.0,427.0,185.0,454.0,559.0,692.0,1166.0,1192.0,9072.0,3962.0,3926.0,120+
LR3MS4JI485374,25-29,CHN,320.0,341.0,308.0,424.0,445.0,604.0,421.0,765.0,466.0,356.0,377.0,198.0,381.0,834.0,576.0,1188.0,1101.0,9095.0,4710.0,3294.0,120+
LR3MS4JI48553B,30-34,CHN,570.0,256.0,702.0,373.0,663.0,301.0,767.0,438.0,664.0,278.0,646.0,146.0,595.0,548.0,676.0,456.0,1101.0,9168.0,2796.0,5283.0,120+
LR3MS4JI4850EE,30-34,CHN,369.0,331.0,394.0,273.0,371.0,541.0,374.0,876.0,329.0,360.0,316.0,155.0,359.0,1455.0,501.0,947.0,1286.0,9228.0,4938.0,3013.0,120+
LR3MS4JI48554C,30-34,CHN,369.0,341.0,344.0,469.0,577.0,648.0,432.0,601.0,565.0,345.0,548.0,246.0,487.0,438.0,829.0,1092.0,1432.0,9755.0,4180.0,4151.0,120+
LR3MS4JI485793,40-44,CHN,384.0,375.0,366.0,324.0,518.0,813.0,550.0,514.0,490.0,374.0,499.0,262.0,534.0,747.0,681.0,997.0,1541.0,9960.0,4406.0,4022.0,120+
LR3MS4JI4859B0,35-39,CHN,364.0,350.0,349.0,509.0,367.0,542.0,371.0,763.0,718.0,399.0,365.0,197.0,385.0,898.0,1160.0,1372.0,961.0,10061.0,5030.0,4079.0,120+
LR3MS4JI4859E1,45-49,CHN,729.0,344.0,566.0,287.0,571.0,570.0,582.0,773.0,585.0,383.0,577.0,204.0,590.0,983.0,847.0,896.0,798.0,10278.0,4440.0,5047.0,120+
